/*
SQLyog Community v13.1.2 (64 bit)
MySQL - 10.1.37-MariaDB : Database - learning
*********************************************************************
*/

/*!40101 SET NAMES utf8 */;

/*!40101 SET SQL_MODE=''*/;

/*!40014 SET @OLD_UNIQUE_CHECKS=@@UNIQUE_CHECKS, UNIQUE_CHECKS=0 */;
/*!40014 SET @OLD_FOREIGN_KEY_CHECKS=@@FOREIGN_KEY_CHECKS, FOREIGN_KEY_CHECKS=0 */;
/*!40101 SET @OLD_SQL_MODE=@@SQL_MODE, SQL_MODE='NO_AUTO_VALUE_ON_ZERO' */;
/*!40111 SET @OLD_SQL_NOTES=@@SQL_NOTES, SQL_NOTES=0 */;
CREATE DATABASE /*!32312 IF NOT EXISTS*/`learning` /*!40100 DEFAULT CHARACTER SET latin1 */;

USE `ediw2554_learning`;

/*Table structure for table `admin` */

DROP TABLE IF EXISTS `admin`;

CREATE TABLE `admin` (
  `ID` int(11) NOT NULL AUTO_INCREMENT,
  `Username` varchar(200) DEFAULT NULL,
  `Password` varchar(255) DEFAULT NULL,
  `Status` enum('0','1') DEFAULT NULL COMMENT '0 = tidak bisa di hapus',
  PRIMARY KEY (`ID`)
) ENGINE=InnoDB AUTO_INCREMENT=2 DEFAULT CHARSET=latin1;

/*Data for the table `admin` */

insert  into `admin`(`ID`,`Username`,`Password`,`Status`) values 
(1,'admin','f6fdffe48c908deb0f4c3bd36c032e72','1');

/*Table structure for table `biodata` */

DROP TABLE IF EXISTS `biodata`;

CREATE TABLE `biodata` (
  `ID` int(11) NOT NULL AUTO_INCREMENT,
  `Biodata` longtext NOT NULL,
  PRIMARY KEY (`ID`)
) ENGINE=InnoDB AUTO_INCREMENT=2 DEFAULT CHARSET=latin1;

/*Data for the table `biodata` */

insert  into `biodata`(`ID`,`Biodata`) values 
(1,'<p class=\"MsoNormalCxSpFirst\" style=\"text-align:justify;line-height:150%\"><span style=\"font-size:12.0pt;mso-bidi-font-size:11.0pt;line-height:150%;\nfont-family:&quot;Times New Roman&quot;,&quot;serif&quot;;mso-ansi-language:EN-US\" lang=\"EN-US\">Rizki Annisa,\nS.Pd, lahir di Tegal pada tanggal 22 juni 1995, merupakan mahasiswa\npascasarjana pendidikan fisika di Universitas Negeri Semarang. Pengembang\nmemulai pendidikan di SD Negeri Bersole 01, SMP Negeri 02 Adiwerna, SMA Negeri\n03 Slawi, dan meraih gelar sarjana di Universitas Negeri semarang tahun 2017. </span></p><p class=\"MsoNormalCxSpFirst\" style=\"text-align:justify;line-height:150%\"><span style=\"font-size:12.0pt;mso-bidi-font-size:11.0pt;line-height:150%;\nfont-family:&quot;Times New Roman&quot;,&quot;serif&quot;;mso-ansi-language:EN-US\" lang=\"EN-US\">Pengembang\nterlibat aktif dalam organisasi </span><span style=\"font-size:12.0pt;\nline-height:150%;font-family:&quot;Times New Roman&quot;,&quot;serif&quot;;mso-ansi-language:EN-ID\" lang=\"EN-ID\">intra\nkampus yaitu GERHANA (Gerakan Mahasiswa Anti Narkoba) periode tahun 2013-2016.<span style=\"mso-spacerun:yes\">&nbsp; </span>Seminar yang pernah diikuti sebagai pemakalah\nyaitu Seminar Nasional Sains &amp; Pendidikan Sains XI 2018 dan Seminar\nNasional Mahasiswa Fisika ke-5 2018. Pengembang juga memiliki hak cipta berupa buku\nmodul \"Alat Praktikum Indeks Bias Zat Cair Menggunakan Lampu Bohlam\"\ntahun 2018 dan hak cipta buku “Tamasya Ke Pulau Bintang” tahun 2018. Jurnal\nyang pernah dipublikasikan diantaranya: Pengembangan Media Pembelajaran Berupa\nBuku Cerita Fisika untuk Materi Energi dan Daya Listrik di sekolah Menengah\nPertama (<i style=\"mso-bidi-font-style:normal\">Unnes Physics Education Journal</i>,\n2017), Peningkatan Daya Ingat dan Hasil Belajar Siswa dengan <i style=\"mso-bidi-font-style:normal\">Mind Mapping Method</i> pada Materi Listrik\nDinamis (Jurnal Pendidikan Teori dan Praktik, 2018), dan <i style=\"mso-bidi-font-style:\nnormal\">Light Bulb Substitute Lens for Measuring Liquid Bias Index\n(International Journal of Active Learning</i>, 2019).</span></p>\n\n<p class=\"MsoNormal\"><span style=\"mso-ansi-language:EN-US\" lang=\"EN-US\">&nbsp;</span></p>\n\n<p class=\"MsoNormal\"><span style=\"mso-ansi-language:EN-US\" lang=\"EN-US\">&nbsp;</span></p>\n\n');

/*Table structure for table `indikator` */

DROP TABLE IF EXISTS `indikator`;

CREATE TABLE `indikator` (
  `ID` int(11) NOT NULL AUTO_INCREMENT,
  `Indikator` varchar(200) DEFAULT NULL,
  `CreatedBy` varchar(20) NOT NULL,
  PRIMARY KEY (`ID`)
) ENGINE=InnoDB AUTO_INCREMENT=24 DEFAULT CHARSET=latin1;

/*Data for the table `indikator` */

insert  into `indikator`(`ID`,`Indikator`,`CreatedBy`) values 
(1,'Indikator 1','3'),
(18,'Indikator 2','3'),
(19,'Indikator 3','3'),
(20,'Indikator 4','3'),
(21,'Indikator 5','3'),
(22,'Indikator 6','3'),
(23,'Indikator 7','3');

/*Table structure for table `kategori` */

DROP TABLE IF EXISTS `kategori`;

CREATE TABLE `kategori` (
  `ID` int(11) NOT NULL AUTO_INCREMENT,
  `Keterangan` varchar(200) NOT NULL,
  PRIMARY KEY (`ID`)
) ENGINE=InnoDB AUTO_INCREMENT=4 DEFAULT CHARSET=latin1;

/*Data for the table `kategori` */

insert  into `kategori`(`ID`,`Keterangan`) values 
(1,'Paham'),
(2,'Tidak Paham'),
(3,'Miskonsepsi');

/*Table structure for table `kombinasi` */

DROP TABLE IF EXISTS `kombinasi`;

CREATE TABLE `kombinasi` (
  `ID` int(11) NOT NULL AUTO_INCREMENT,
  `IDKategori` int(11) NOT NULL,
  `Jawaban` enum('Benar','Salah') DEFAULT NULL,
  `RatingJawaban` enum('Tinggi','Rendah') DEFAULT NULL,
  `Alasan` enum('Benar','Salah') DEFAULT NULL,
  `RatingAlasan` enum('Tinggi','Rendah') DEFAULT NULL,
  PRIMARY KEY (`ID`)
) ENGINE=InnoDB AUTO_INCREMENT=17 DEFAULT CHARSET=latin1;

/*Data for the table `kombinasi` */

insert  into `kombinasi`(`ID`,`IDKategori`,`Jawaban`,`RatingJawaban`,`Alasan`,`RatingAlasan`) values 
(1,1,'Benar','Tinggi','Benar','Tinggi'),
(2,2,'Benar','Rendah','Benar','Rendah'),
(3,2,'Benar','Tinggi','Benar','Rendah'),
(4,2,'Benar','Rendah','Benar','Tinggi'),
(5,2,'Benar','Rendah','Salah','Rendah'),
(6,2,'Salah','Rendah','Benar','Rendah'),
(7,2,'Salah','Rendah','Salah','Rendah'),
(8,2,'Benar','Tinggi','Salah','Rendah'),
(9,2,'Salah','Rendah','Benar','Tinggi'),
(10,3,'Benar','Rendah','Salah','Tinggi'),
(11,3,'Benar','Tinggi','Salah','Tinggi'),
(12,3,'Salah','Tinggi','Benar','Rendah'),
(13,3,'Salah','Tinggi','Benar','Tinggi'),
(14,3,'Salah','Tinggi','Salah','Rendah'),
(15,3,'Salah','Rendah','Salah','Tinggi'),
(16,3,'Salah','Tinggi','Salah','Tinggi');

/*Table structure for table `pembahasan` */

DROP TABLE IF EXISTS `pembahasan`;

CREATE TABLE `pembahasan` (
  `ID` int(11) NOT NULL AUTO_INCREMENT,
  `IDIndikator` int(11) NOT NULL,
  `Type` int(11) NOT NULL COMMENT '1 = Text, 2 = PDF, 3 = Link Youtube',
  `Penjelasan` longtext,
  `File` varchar(200) DEFAULT NULL,
  `FileDesc` varchar(200) DEFAULT NULL,
  `Link` text,
  PRIMARY KEY (`ID`)
) ENGINE=InnoDB DEFAULT CHARSET=latin1;

/*Data for the table `pembahasan` */

/*Table structure for table `pembahasan_type` */

DROP TABLE IF EXISTS `pembahasan_type`;

CREATE TABLE `pembahasan_type` (
  `ID` int(11) NOT NULL AUTO_INCREMENT,
  `Keterangan` varchar(200) NOT NULL,
  PRIMARY KEY (`ID`)
) ENGINE=InnoDB AUTO_INCREMENT=4 DEFAULT CHARSET=latin1;

/*Data for the table `pembahasan_type` */

insert  into `pembahasan_type`(`ID`,`Keterangan`) values 
(1,'Penjelasan'),
(2,'File PDF'),
(3,'Youtube');

/*Table structure for table `sekolah` */

DROP TABLE IF EXISTS `sekolah`;

CREATE TABLE `sekolah` (
  `ID` int(11) NOT NULL AUTO_INCREMENT,
  `Name` varchar(255) DEFAULT NULL,
  `Alamat` text,
  PRIMARY KEY (`ID`)
) ENGINE=InnoDB AUTO_INCREMENT=4 DEFAULT CHARSET=latin1;

/*Data for the table `sekolah` */

insert  into `sekolah`(`ID`,`Name`,`Alamat`) values 
(1,'SMA N 3 Slawi',NULL),
(2,'SMA N 1 Dukuh waru',NULL),
(3,'SMA N 1 Slawi',NULL);

/*Table structure for table `setting` */

DROP TABLE IF EXISTS `setting`;

CREATE TABLE `setting` (
  `ID` int(11) NOT NULL AUTO_INCREMENT,
  `IDST` int(11) DEFAULT NULL,
  `Nilai` int(11) DEFAULT NULL,
  PRIMARY KEY (`ID`)
) ENGINE=InnoDB AUTO_INCREMENT=4 DEFAULT CHARSET=latin1;

/*Data for the table `setting` */

insert  into `setting`(`ID`,`IDST`,`Nilai`) values 
(1,1,10),
(2,2,5),
(3,3,1);

/*Table structure for table `setting_gelombang` */

DROP TABLE IF EXISTS `setting_gelombang`;

CREATE TABLE `setting_gelombang` (
  `ID` int(11) NOT NULL AUTO_INCREMENT,
  `Nama` varchar(200) NOT NULL,
  `Nilai` int(11) NOT NULL,
  `Status` enum('0','1') DEFAULT NULL COMMENT '0 = Non aktif, 1 = Aktif',
  PRIMARY KEY (`ID`)
) ENGINE=InnoDB AUTO_INCREMENT=4 DEFAULT CHARSET=latin1;

/*Data for the table `setting_gelombang` */

insert  into `setting_gelombang`(`ID`,`Nama`,`Nilai`,`Status`) values 
(1,'Gel 1',5,'1'),
(2,'Gel 2',3,'0'),
(3,'Gel 3',22,'0');

/*Table structure for table `setting_tipe` */

DROP TABLE IF EXISTS `setting_tipe`;

CREATE TABLE `setting_tipe` (
  `ID` int(11) NOT NULL AUTO_INCREMENT,
  `Keterangan` varchar(200) DEFAULT NULL,
  PRIMARY KEY (`ID`)
) ENGINE=InnoDB AUTO_INCREMENT=4 DEFAULT CHARSET=latin1;

/*Data for the table `setting_tipe` */

insert  into `setting_tipe`(`ID`,`Keterangan`) values 
(1,'Jumlah Soal Untuk Murid'),
(2,'Waktu Pengerjaan'),
(3,'Button Remidial');

/*Table structure for table `soal` */

DROP TABLE IF EXISTS `soal`;

CREATE TABLE `soal` (
  `ID` int(11) NOT NULL AUTO_INCREMENT,
  `IDIndikator` int(11) DEFAULT NULL,
  `Soal` longtext NOT NULL,
  `Jawaban` int(11) NOT NULL COMMENT 'Urutan pada soal_pilihan',
  `JawabanAlasan` int(11) NOT NULL,
  `TypePembahasan` enum('1','2') DEFAULT NULL,
  `Pembahasan` text,
  `TypeSoal` enum('1','2') NOT NULL DEFAULT '1' COMMENT '1 = Soal utama, 2 = Soal Cadangan',
  `CreatedBy` varchar(20) DEFAULT NULL,
  `CreatedAt` datetime DEFAULT NULL,
  `LastUpdated` datetime DEFAULT NULL,
  PRIMARY KEY (`ID`)
) ENGINE=InnoDB AUTO_INCREMENT=3 DEFAULT CHARSET=latin1;

/*Data for the table `soal` */

insert  into `soal`(`ID`,`IDIndikator`,`Soal`,`Jawaban`,`JawabanAlasan`,`TypePembahasan`,`Pembahasan`,`TypeSoal`,`CreatedBy`,`CreatedAt`,`LastUpdated`) values 
(1,22,'<p class=\"MsoListParagraph\" style=\"margin-left:.25in;mso-add-space:auto;\ntext-align:justify;text-indent:-.25in;line-height:115%;mso-list:l0 level1 lfo1\"><span style=\"font-size:14.0pt;line-height:115%;font-family:&quot;Times New Roman&quot;,&quot;serif&quot;;\nmso-bidi-font-family:&quot;Times New Roman&quot;;mso-bidi-theme-font:minor-bidi\">Perhatikan\ngambar di bawah ini!</span></p><p class=\"MsoListParagraph\" style=\"margin-left:.25in;mso-add-space:auto;\ntext-align:justify;text-indent:-.25in;line-height:115%;mso-list:l0 level1 lfo1\"><img src=\"data:image/png;base64,iVBORw0KGgoAAAANSUhEUgAAAQsAAACNCAIAAAFYrvjiAAAAAXNSR0IArs4c6QAAAARnQU1BAACxjwv8YQUAAAAJcEhZcwAADsMAAA7DAcdvqGQAAD0DSURBVHhe7X13YFzFtff3z/clLxTb4ALYmGZjIAZCgAAvpAEhCY+E8EICTl4gEMgjYGuL5ALuqtYW4SZLWslN0q66ZBUX9bZ9V9JKbhgX2XK3bLkXaXe13zkzs6vdq3ZXWq1kaX8+Xs2dO/WcOTNn5s6d+38cfkFXNp0Eew+fEsl0Ipk+WGoIkWqqtPuo/4BBE/fIRhyVJZYZxDKdi4Ry7bywPBphYKCJd2Vjt3e4Z+BOzqoOBDTxrmwEEcWudIOlepcbL2U1LJL3oIl3ZSOWdqUrjuHmxCJ5D5q4WzaSrkSf/+WGV99OdF0CsUi94Pq163a7jV14gibelc3yb0D+Xem6kyA0h0XqCSqFgZAJEmFebqCJd2UDPoIYDScDQtpOu51F6gaIqFIYlQq9MqFuS2wV8yWor2upKDPTxN2zwTgizwYtlhpsVhqrN0A2pldfkUJm3+47wvxIUq++uqapoZWk7ZkNwG63zwvfCeoilurnRVXb7f1kAoCYUJu8jHJ27UR5qd5St4cmzs2GAi5zMtNyCeVkqnIzVPBLfXIy4Bd80vKy0lmYDBaAuGl49IS7VWUlNPFes2Gu3vHwffdA1dlFL6gefDZ25BYDxu8pR561gajO2DY7aW8uomAOCE1qBj+uWwB7dVk5TbznbLrD3s99hldffC4zXeWeGk28K5shxSjKxkMwdocdRkyhXCOUaaF7Fsm0/bbXfgEpu+dhC3HrngkZgiV6m63nTpcnIOWuPESSHrtLnUiuZcEHBEi5Kw/su5zpuruB7DybcE+AlLvygB7elWiwtE4s66oW3GUxvAfE7SEPkcSAFpOUbx5om0CP0AsgrnsenoOKk0Kkxj7aVl5WGYySygQYKOuYlycgZTeZr8zkpA4kkuuE4cUseE9QKXST7v9KlaiF4QtaJvPt7DzecspiOonq4J4H3BC6yYCQQSTtR0WS46pTFYbP/pGZlqiHQjPfzk6L+bgibndeFvaPHnlAoDOtVyBdQQzKZvf+o8SzHyjWbE9NgAw81Mhms6qr98JfSJmTB8O2nAwyzJGBD0c9HO+cwyUZJbPSc7OYDxk3cWQklxiYDZSZ6TDGQMo958G57AmOWQ8/wJy9AlLpJg8XOJfd4fDsXy5dPM9c7oD0eeThJu0eBkQAc19qgzzIoIn3af5sfISkes6jO6ZPmchcvQMSFf37X9/ubWTXBJByVx5Dh2HKg1USAZy1QvM7e/7K/MjseZJKUPug6KqQyPwjR87Y7FYQKQs4fGCF7qMm9k7rwohMsVv/250EMrVgRTYNP1xghe6xJmA9mHcfCZZ6DIe9EUzO4XeTsmq4pMMK3WNN1KYDYlI+L0iuXbN5F0vbv2CF7rEmMI5wC+qk515by/FxkVCugwbJkvcjWKF7qYm6uyUBFupPf5v07scFT70QI4qBAB53KUFclrz3cGDvgtF7nET1AVpmQI81qXE35vgQCEQo0/ducPUFGB02K/LBxCGrDvCra7/lhWxZoXusCXBWzE/dXQRWuNVzLOYPJanAhtWmr+fv+tlP125NMsGlctMO7D57BuaEpXQ6KHqoCQwgwF2B+wpVX6QBvSJNYiBNC7Ijdq3x4UcWpyfoUzeat8TVwWXCmu291cRSd+p3/7W+qfHqHsuZpsYDtMyAHmpCIxA7wyaM2NWt6G4UpSYRBqPomIBKoVcqQBRAemWibmMs2Nwd7H43GPXfPjJ94XPPrWisO3P+fBvGJ+i1JgAYWVCCML7QSyewimDcguwGMefyBGaEvMMEe62DE6w4VWWlUDRWpr5rwkHfd3nDMfWeO6dMuJPaloOAo7qslFrAFP6uCRT/+ad/WG/Q95gUMaF51hBqUjLwmsya8fCDkyb0SpO7+TAaT4jj2QM9MGn81Ilczx5p6pR7oHXRUlF4UROY/kFEdtELQHl++/qvrl69xq69hHuTA/cvXnnx0fvJfMWBJSbeXNAyA7yoCR9QcbOLwQHUf1OSInVTEhS2+SD2tuyGJ0iRET3U5DZFoCYjD9yasNbH4LDDFNfRqdymnhe5UyjFlVth5M71G7eDBsJtO2fhw+9ghSboqyZwERSaGSxFUxdtEzna9nApkhtgRikIzePd9w8VWKEJeq0JcFsgM4qlRg9Dy42CpXqBTHfxyk0WYTjACk3QY02wJxVK1YIYrYhKoyciwgEpaazWYZMMLTNFt5qgDWeFaoi6Fb1HCpaB8tQOy7wXwApNwK2J3e5IzanlFLdfWhyVydL2L1ihCbg1scKcpFtB+yMj9Gksbf+CFZqgW+ty2Huf+oJ/z888RFL1qbNt/l+SZIUm4NakcIcpWNLLYle0ITi6h64M9B60f3FkKpuR+RGs0ATcmiyMzHd/aOZOD84In/Lwst56AlFE4ciSySchWzhFBIKhQyhTv/bHjDfeyRR7bp5x0dzl2wY3C4Q+E2bUXQMaH7BCE3Brsm5LWY9LqR+Jy4MlMHqof/3nHh7dAX0tyR/UkG93XL18DQrALvmBlpmCW5OjJ1p7U+veCCyXYJm2xrAPunCWgzeATiY1UU3W7HDxLn5NEQxo7F5/YIUm4NYE5Ov9sp1eJK3FuN7LBCaGykRTWgLUQa9SmMkypF4R29ceKXeQEjNwa9Jpbw9ansMpa3+knxdZNqC1Erumqp6IQj99ytdrpep33orDJa8EQ988wXJSvXJDN5kQoyskWh/M98GDXiAH04vl4S1Wr8qCmqQn1Wcl1afFG9JYGzNiQcjEgQOb3WbUHrCYT1rqjl2/fouUmKGbTMiSXHJGRd9Ps1wklOuXytJsPWTKB7ZNcYWkJmbFunpVgv7JGUvcatIDmiz7dLoLTZbWhx4SW+qO0zJTdK8JgcO2WJIlloDC9CEZnKsErcweRIfVef3aLbIubJBEVM5+KjQlCfUEyI4rkT0kvKOgxqhrVabsmf3EIouZT01QF627qi3BElzA7lYHJJFUE5dSYrP1u/jZB0C52uPWbCOlx4VtZaJelWC4ca2dNK0eatLRft2obn35pdA/v6ewmE+wQhP0WhMANDP4F7F2m1CiFsjUYCaCSuDIKNEsis4GveuxKXsLYFl1uTE5oUaVqFes2QGtm93oGbbW1kvq6r07C2shKis0QV81gWhYlU7cUwO3fjjjMRoGeQXW/2BaFRc0LcgKHEB9VIautzpUyZvBHqDloei7Jh6Y9fBUskME94w4d5GQzSNslyXZX+ncj+m869x6SRzwm5eZjvtQWBjnrhNIgSaCW1ecEdFBfVzpdyU+P+hLKBIrNIEXNXlm1kzmGjjsDWbjo9Me2LBuNfMYEGCoQJl4NC5vavLsrBnMNXDYLXWm+yZN2NdkYR4DAtREmbzZUyTe1WTwMumsMxsgl3sn3NXd6u0zcw8MviaDlQnpJKAYuCLYvcP465/eYa7+QGsyiNb15Mypk+/hPMdw0TSgvp6fcHx6oEfum3D/xAnTu/n3QBhs3GD0ZCbpJQG0r6TkCQiAj+W7U3dwPef89zvkZQMWBbPCZ48kWNdLCORWZ6dy61a4YIUm8KIm7e03aXfeB6DNPPPULHbhJTiZr1zy9Zz3/lhRgtthoGA4tLmDXNEyU3hREz7wSSIUoUsXT713PKQmjw5/6UdPe9aDgWZH4eOakMbVY6ZeI2zpYmhaLz3/LLjfev2X1JMDVmgCbk1uXwRqMvIQqEkAQ4b+RcL6Oy6gp3XADAwCVGoaRWE5MBcOkWhFEp0AZpYynRBmxzBHlmrBn75eKo42BEk1QWHb0gs0xPDq4Ax1YxCUwxx4LxK0g1AS65KKxJJa535J1wJMv2tkEMAgglhS/deRaZAQzOLJSDoW5UM5zIF3IrGiRBzC0BxQhQUSnUiuCea7V7KLSCzyTrZMGyTTzw0tvHTxuo3H25+jD4zFnuAjEmi/qBggjei4whDoiLxcyO+b8JV5iT54ZSZOB8aYqjAWe4KPSHBnKiAotDBYqhXKoefxoUi0IBIYb4IlakF0advlG2QyOFZAGMxF/yKxOazwOy9se7CXz+u8IvIQ3CBYVXXtxi1W3jEAymEO+hcJ9CaLonOhsxJ5vi3bBwWjGqEy8R9p8J1lOXSJGhhaaKbdV8JGHyiHOehfJIeaz4RI9GjOyr3SEjXYVN1ehO2XQCrqkloLdpX9rUSNAjAWe6J/kazeVCEG4wqHdL5aIpLq/vzZthd/pnj7b5lg74pkJrHcC9ksiM6HfFmpRzUohznoXyQfiVKEUph/eDGkC0L1jz0TJZYZZz0n+ddXVZy7/dIXK3Mx44CW9IbF0kIRPsAGZvUrFVAIzXyp8Z5pS/+1sPbjhRWfLaqZ/PDy+RIv9/FEFEG+wzeUULvfaf0PJSiHOehfJNsrLSKcpRv67XxgVBdJ9X/5smDeSpyco3ULnViU5t3P8nnM6rvoq6gU8uDFr1oCNT108Hj8mvzNsZXKBB3Q1tiapLUFBvVulM7QyIZymIP+RQIQhu2C5s821A8VgcxwghISXXvxyg1spUPbQBnsdnxamxhbgO+EJpjJlh+6XYaeGYI7gJQKffyaov5OsBoIGH890b9IOjqt+w6eEMrUYKd246MPCXtFYYw6NbNyqLsLd9jaO0AbnNw3pSaYUhIb//Vx2vvvbQlfVqFKNLvJSXfy2NlO+8D2GNEawS+oPrY3eslY7In+RQJRbXbHrqqGYK8tWq8IxpvamIQiP4oD16O3KnYQdqM2pCWaZj6+Yq3MmJxgTE7UpScZX31JkkE0hgQwJ6zGQc7LHtVhs1nb263VVfrSYm1ludGga8TtB2SRgnKYA14iIfO2jqMnWgWSChzDec8Z+yWy/giDEE5iikrNNnzO7r8hBGq3JjqbchwUJT2p/p4HFmUkNaXF61IT9SkKQ1qiMY1pCdLWDVXkNS4vWg1USFe736g/+dNXJC+/svLnv5RUlh1vMB2vrmjw3MTVBR5jCcgD+3UQq83hsIV/k+v9BLBXwucoUo0wLAPz6bRi4/GfqYWyL9vJVIRS5JKKJ2eujP/GmJJo+fAv6S+8EOV+N2VjMT2vkOcmeWjPhfnVjaZTBt25X7y6JiN1/0bFvjnvKyzmUxbTidJifNe5O/hpSRdAMO0g3si128TRuMw+oDEf12aC5DUw/QwJz4SGZEU19J9yOEGWtzut6SmlSrZl3KhK0IKDHP9gUibgOQO4mzxRq4yHXgtnS0RFvFAUS923FvNpo+7sW79b21R3rrGh5Re/WGMxXWgwna6qwO1g3eGtSBigNdttHVeu3Vomyw5eVQndjsC5LRobPi4j4hoXOEi/hP5CuRafXKGtrAlemXn8VJsd9wX5XxLdYLfZOmyKNdCD0T4Kz98gpCPuuvg1BRfOXxpYj2q3Ob7df6je1NxkadttadtTf6HR3NJoPqmuNnK2cLkwQJF0giFG/mBniUvFnTar3bj7kHRD/vzwAkFEYdDKvHmRlcKIinnhxfNX5S+RpZdqGm/e6MCQIFCIh73yCHlsBU0e2I0NH+p7+dKNY82nW5rPXrxw2Vl9qhMDaz2MgYSXCGXy5srSEpIm8+FgoCLpExBr9hMz+cWFMFzCp7+EPP37gluULlDBY+fkBjdPmqyL+vDpDleYfskJp1OZvIUcEYGDJ2EwF0MlkhkPPpCdmZaVnpqdlpqlSsHfNGW2SpWdpnI50K2Cu0q33y5Hdpqbg0ZRkbgQ0d2B4Wk6zuhK6kPTx2AFuVn5QDmZEAt92F0sEo1C3K4USCLEAVnTXLpljVHILybYLQqmRu8ikegYMj0tM10lnvfvqtISasdQDnMwVCJ5ZtaMgcX1KbBzsNSZX/3Jc1CY0yeOPzT1/mEtFZYHOq7qMhAJqA1odQ8YKpE8O4tnxzXkaKw3v/rij6EwU8bdeeTwQWie7AZfeBu+V4AM4EdFRIJM8rtIRoKWMEBJYPCgHQXz6hMQ7OP/mXPp0kV27TN0aQlc+FskTxOR3L7463vvXrmMFpfPoUpJqS4vRQvY32MJsbhuX8x5793LQyMSZUpKJe24/CySJ2c8gpEH3Q8TgxVS8VmHzgdQ8P/99ONLF89Tu4gD8Gy7cKHl6FEgO77V7JyvAIud1COI5d0Jdp+mppZWCFnUDUMiEgDZYgL/BjU5x0Qcjknj74LfQZ6EPwBQzlI+crBy2eJNGxXQ4r747JM1smjqefjg/p+/8uJd3/9ev0xzpYn87YahEolPgC3O4Zg6eeLwFoMDaCihyxZvSYq/eeP6PT/43q3r12pqqrdlZ3y3b/dbr/8Sispfo5G/3dC/SALwMwIiGXEIiGTEISCSEYeASEYWAvIYWehfHsxS8wAYeOAPvzbyQBDcDl39oaWSdGFEQVB0WZCkShyjF8l1AkmtYFW5ILxgYVRWlXpvx02cVZAj1ElcTGHsgvHXEwOTBwA3LNitnddutEvj8ueG7QqW6MTRuD1VAGKQ6YRSnViKxyoJcQ88OPTwG7SqYqk89+TZNj9vQBmZYPz1xEDkAe0a1AJuxSbvFKyqFOM2X41Qrscn6rgjwoAH1srxATu4nZvw8DeEvNQrltaslGffbLeBVCAhlujYA2UvB17IgyyJoDCgaZ8+dykoNBeZy3aZ9EHuu7yYbAQybXBksanxCHZ3+Oh9LOoK468nvNIPkARSea0lKLJMAMz1cgM8JREqjTZIrgmWVMenlHpmMYZA2cuBN/rRaYPGXFLRIJCpQyS4zYfHmww9kDBGHSw10h31IJXYjcX2zo4x2HEx/nqCpzyIZtit0MMIZJUhErCd2FDB4TUfAmGAIIXkcGSQilCm3ppZTXaAUf0bK2D89QQfeQCP8NnwpWs3BBGl+HK7rzb+gt0FSiY1B0dXmZoO06Mgxo6iMP56on952PGTWBC5UxyeQ84+oWOyD4jsedQQFdEKQousNodtLA3sjL+e4CUPh7Uzv6xOJNUKwXiVq7nfax84aSEpEdjBEkhZE7YuGzJjhR0DYPz1RP/yQGnYHUFhRb49g6M7iaTV51svs8KOATD+eoLH+GF3qPI1PuymeiH8HkX42nwYQFh5RzsYfz3RvzwAQWF5ot6/heMjAutZL4gquzV8n6HxMxhzPdG/PE6cOi+SwKjLYV9fRALjG1Mc/z6InIymgcFp2y49GNZQWkKjGYy/nuhfHsqsajJyeDeGA3PxFDrvCKKoF0dno4093B8E8wMYfz3RvzwWRObDlA36927s64PU5CsHXg85Iql6buh2yNT5MspoBmUvB/3LY15EARq4/L4iwUiqffujjLf+ruL690m0fwuS1Fy5eh33/Yz2cYTx1xP9y0MQVQmTA/72FXRuC+S6Bx4LnfzQkvkyE66L4Mtt3GC9kkR9qOU0lHbUPyBh/PVE//IQStQwDRR5s3T46fyyF1+Pf/l3Gz8UlOI5BLhaxV+cerVxP5HHKAfjryf6l4coBibkRhH/45ekulnPS75YUR20Uv/gk+EgDBhIhLwP4wJNKijR4dLJaAfjryd46EdMLTFGuYzrRmjgCmTGYIlh0vSVf/pn0Xv/zJv6UFhQGPZg/PsrkVxXWGLE91j9vnZCHovhWh0hfPw2pGVg/PUEn/6qhowfXMZxiC76gsH62w+yXvuD8pOFFR8vqP7DnNyX3kwQS8E846sfkJHBcniY3pumwiB/EVQ8QwXGX0/wkEdUBZFHvwzFESJYpr/vsdCQKBPOP6SG+VLDhGlLQmT1aAFzw/dMIom6+dQ5smrib/0AAUB9O9ptV69cbb/ZTmo/AuURvgtaPQwhHMZxCI8wkamF0Zr3Pi0Q4wMrEI9eKDXM+WL7v0OrgmUmTvjeSBRdde3Wza6m6i9Yrfbc9Mqk9bu2xtYqE3QpcdpN60o2xedcbLuK+2iGoONi/PVE//JYGJUD8wkvDNaBE/R42qDQHZAp2TXhJ3nYbJ2HDjQnritVKrTOkxzIcRvEkRxXW15s7uxsZ6F9B8peDvqXx7ZSMzkXwwt7d0Ckh8l5sMQcsbYIj3lw+OmcB7vdfuTg8ZQEnfM0DSoMlzzwUpmo21Gg9fmDS8ZfT/Qvj4uXr8GQHuLN4uCASCuWaEIkJm39fvJ5PD+N51abLXH9LiIJejyQXpkAZOw6lIYISZmoPXniHIvjIzD+eqJ/eQDEkTy3Wg2c6GLJvIiioeipewKRt92ehecBdfE9NVErXan/y1+2fPJ3VbKiQZVQ51KapLXbncP7ABQFogC5DDasI2OuJ/qXR6fdWlbVCJ2JO/t8TjCBh15x7aZd/trPgLlA7Tat3+k8BsigSjS+9rM1b74WGysxfr2gZOqURRtBJKglqDqp8bXXroChAaz0qoRMALhGSkAuUTD0koP+5YHPzx2OoBV5HA76mvTiqNKbt/y6rHv9+s3UeA0RBh4styaq+smno9KTzCmJ2F8tEG5bMDfH2Y8Z0xTGetM+FpM3aOtqPnK8ttpcsktTU2U+33qF3BmwfmCiVp35kFhWK5bg3lyyBMLh5kCIbPPFc+OFeLysOi55F+lF/KMfiDpTUzp+vhc5DvL46K+pX3yKR5Wm4+mYpjTorBJrnf0VkLm4qJbF5A+HrWSntrH+eIP5RKP5RL3pRIP5aFWFAU2WnsBHHthlQewlkRnz5Lg46OXJ8L0SmbLgfh+YkwtW5IICE1n4Tx71dXvSkyivUR4fzkmf+8UOcCjJQJKKImF3CdXtLKj2qr8Cw6Sm2mSpO/7Rh0mvvBL60ithQmF2o/lCY93xJst3jL+e4KUf0GeB3nXYO+ctKyALJ74Z2+masQBmmlGlLacu4L5qVBDM0S+wX7p4TYln+jGOR4dWvPh8THqiPhWsrHjz8sUVf3p7PYiHBUg0GbSNJCKxBXgAuKfX7LWYz77+Rkxd/ZXd9eeXLa1JSalvMJ3Q1DZR9nLASx5QdLvdZrPZT5xpE64qFvvI9hWCckgMYklFhW4vmQPb/Lusi81807pSlzzSNjY8+dhiwb8LVQmNsXLDgw8sjv2m61zllATt5YvXvbL+rl+7aSHd1Buvf6Pccig9dfdv3lir17Y2mE42mI8x/nqCpzwocOvHgSOnBVGlYgmYW/qB7d8Vk/27uKVaqhZINNtLzXhUhZ/MKg9ApsmbthOOwyBhUipMKUmmv89Jmf3DFa++HLNOpknBGTudHurjvykg3EDTiMXvDyCPhrpjjeaTr7/xTcqWg6kpez94b0tSQh2MJU11Ht9fd8ELeWCv5WjvtNmPnjw/b0W+SKrH77JzeM2DYMyAiAJ5rSCqokq92w41HOCZ0YOH/eaN9q2xFSgP8jV7lUILUgG3Es/rNYBNRe3dVIVu/55mVGJvxg/gnk5zAOTx6zdk9ca2xrqTGu359/6oqDe3mPUtlL0ceCEPfBsH580gEtutdltIZHoIHtaPjze83LoI4XXildtOn79sY9869Gc35QJmDP2wUdekStQB35UgBpyLoK6g0ZWoUwIloDDSU4vp1+toTN6wlZfXoDx+JX35J+EvvRQxa8ZXlRWn640ndm6vYfz1hFf9lcuNwwncKquxBIUWBEs0QtypriXjCvk2AhiyhO/03GqQAfgIQZlAcjBsRBRvTa+E6JDIsHRTHDg6rdqa+uS4atdAQgh0BTSmPkWhy1TuxMIOsKiO0mLNbsuF3Y0X9jZc3F1/xmJq0VQ1td/sINzlwit5uMMBHRf+63TkFKoFK7OF0bhNS4iPymvxfU65ToAH9OJrnFROQon2y5WFCck72q0wcNO21lvifgawuuPqpZvJip2bYstSE6DLApPXsDWuNmn9tuZDJ+D+IAw/7OJqa4w1lY3q6v3amj3pqXk2K+SIH1/rjoHJA8qH66/4OBM6HDKBP3vhatZ27cLwzJCIHfNCcwXhO+eFVwoiyoQRO0LC05MyK4+eOI+pkSUgYqXQSo4E0JLg/MfaYT9z+mLL0bMnWs7eunmTVB8LTOByeAXKQOQkxYQ7fwC/wAF6ycGA9QNAuIkiwX/QhoBolKWLFrU0H3XPkLynThoFqRQWZ2SBlge1lnRLpJRYSGx2znYzsDKzNgeRKXsmjbsbfodCHr0C5HGk+SBbDO0LkDiXyCYCRm7+fQHq6RaFAduJk1wpePq4U48+AJeDA/eQfRMDzRQweRweuEbd3TEk8li+aIEifl1eRlpuJqOcnhw5marcDBX+ujsyiYPEpQHIrR6i098cCAlhWCwSEn2cIbPS8wiBg0Z0xSVhSPpdybJEuhy9Zk1jscBIXRVBfwzDfNxjpRfmZd0/AfXD3/LYELs6O11JTnNOzVKloMN1GLTTQY5+Zqc/cxx46DM9YxpPgmZHYGe5HYHd5cMSodHpGdZAkAU6MpXKgpxsPMY6JzMvOyOThsQ0kWgUkhc9xpr5UAcNg+SWI2aKl7RgLKQrCvw6U6NxyQHWJEpWOlBabk76feP9L4+FC5ubD/Hor4YQpH+ADszx6NTJj0yd8vD9kx+6f9LAquMTkPKgECaNu4MUA8vWHUOlHyNHHjMfntZ24QI4Xn7umX37vH6A4Su45DF53J2Eq36VxwjSj1mPPjh18oQHJo3/9H/eh0tqP/kfwyoP6K+O8LGvhhCu+j8O+tF2fp1M+vNXXoTLMSmPRQuPDrd+AKi9P23KxLOtp8Ex67GHs9LT+cgDwkB4G2WhjzC8+gHjxzDrhwtQBVoQ/tWxWTveJAfrsmtfYPj7KzrJHS6AEFAOWAaogqubIhsf+4PNav3ZSy8MrO69wSWPYbGvFh09epjFvw0Bwvv5yz9hF77GJDY/Z/rKwZDIY9mihSXFRdMm3/vgpAkDoGlAk5E4/r3TeErT8Zdzy2uajr/jH75vwv0TkTh3B0Hjp026Z9pkSJmdhk7Zy8HQyGPhoqMwfty2AP34KemvhgL3svHDr/LA8aNbV027c3fqD9DpM8LVYc+4vVHf4BHMbofx/FWUBzhd4Z1EyoPeeDwq/AE/8ouOHk9MJbEIwX/g56S7xlGuEu5yMSTy+HrB/ObDhwZvLkIKJBFaH//Bau145/dvOe2ybnA4jjUfaTnafOHcOQ/2EAuit0gAqAvw8+knnqRcJdzlwvfygMbT0XHLJx/wgLqFLlmyZEHInDnvMy+/AKoAFSda0AOAJRPv+N5f//zuO79747EH6UfdgKi9RJx9ggRiju4YEv0g2+d8AMh97r8+WxcjuXXrZm/c8T+AJffchc/4rO037rnj+4RFyKgnZjz8ny/8eHOiou+iuroNjNMNQyIPn8Hh+OKzf9ZWlrLLkQFgyeRx//HmL169b8Ldp1qOdrS3y1aFp2xN+vGTT5w7d4Z/z8r464kRLQ/I/fNPP62trGTXIwPAkol3/QeU7V8ff/SPv34AvVtedmZ1RdmPHp9x48ZVB+9hk3CXi5GtH6TQoOLsYmQACnQvkQcAJhZHDh+hvH2WyGPI9SMAfyIgj5GFgDxGFgLyGFkIyGNkISCPkYWAPEYWAvIYWQjII4AA+oIPNIQtAPQPfHETFwrslJw7DvAwOKsdv/9ho+v0NNnLV24caD5daz6Qud2wIaVcmlixYm2JaGXO/y5UfhK89dP5KfOWZS2RFkjiStZvqUrJVpdUW/YcOH76XBu+LQ+AhMgbQ/j+D76t3Y6n+uLBvs7XB3gvNQUw+kCaCC/4U0NsDvKKC6iGjT5Kw0ecoDb4itXNGx2797ckqsq/kubMiyj4MqJYsKpaJNGLpAYBfsiwlhwCCITvj+IXDSVakUQjkGuBhPihHS0htVhaK4gsE4QVzI/IlsUW1mj2tbVdgzKCRuJ7QTZUTFIYfP2GOAIYi6BNlw/8qSGoG+Qv9OwdEK/datcYv5XEbReszBGtqhDK1ND6yVck8dM5oBVCWY2I6Ab6kBd5UU/I4ft4CpTzYC7wByURgqrI8RXsEAkkQt7oJSSUVn8RVvDVqqyMAk3r+cukvFYoAVAAYxas7fKA/zQEz2NAxbBdv9Gxo6JpQUS2MKI4WAptHUcG8gK7UYQfX6XvsNNDOYzkF+7iuQP0lXYXQUj8UiueOwSqAuQ6mwDD4yvXMpMQP78Dykbef5dpBauq5q3IidtSeqzlHNm4QEE3FZEyBgaWsQHWdnlgiDQErXxi0Fjtjg4bmDTkRfjGfc3LZbkCUAz8VEgtVQxXix9SCpZpg+VqsVwtAG2RaIJXVQSHZeXtMLa3o0qAihDtgLrwVfgAbmvQpssHQ6QhNlAM0AnQETwWwO7YWdUoDMsQSWrQ/iHGEnTtYqkhWOqbY+f6JjKAQF5m8tlWjUheS4YdLMbnofnrt5RcunQDdNpmv0UWDFBn6G8AoxWs7fLAUFlZ2MKAHI6S2iZhWJpYUg3TazKTdtlC/iPQEOehnPhRZPppEnLyDRQJ5ipqQXjh2o07rly7BbWBkgfUY9SDtV0e8IGG2PEQRPyDeoE7eYFwIt587NwSSXaQpBwPYsKGyG24w0wSPBiKnBNlwE/mS6rnrsgqLDY7Oh02PCAJKxWYloxWsLbLAz4ZQ4DArAJjnthVuKhqT82pmhtRJJTp50v080E95GDbdGujw0x0CqQJlurQ+pIacV60qmLl6pyz5y+DnpA1twBGJ1jb5QHfaAioBzHewWltvXJ9RUyOcFUFe3yB67Bg0hh9dfK478i1SAAFg2kJriAL5bViiVYcmmfacwT13YZz+ABGH1jb5QGfaIjdih+5ATPL0XKqbWFUlii6BvtjfIKhRwMGj27n850wv5JrWiKS029g6YIluKCMz1vkMDPZtqvCgrULTEtGI2jT5QOfzEOgAWGHe+L0xa+js4OlVdANk5VcbqMc+SQiB5zj8CJXC1fm7yg1QQUZUwMYRaBNlw98oCFWmJfbHa0Xri+V5wolGoHUNMAT+EcAwaAHA0swfllZL5Rp567IrdTtgToyvgYwWkCbLh/4RENsHbaO1YmFgshisRQmvtDIXCb+bUYwgAjlGmEMrkrjUxRp1UJJzpnWi1BNxtoARgVo0+UDX8xDHA696TtBeL5IgtuioJ3hhw66Nb5BEj4UJ6f2d/kMwdNG18YWqALdACZYVbE6cXuHFbfM4HyErNcBhymjA7hNwdouD/hAQy5eubpsVbZ4VS20J1wUwm7Y92MIDk2gfnI15ILdPNmnyAnjU8IniWSNSyMK3Va3G4/Ds+NiRAf5rH0Atzdo0+UDH2iIwXxQFFFAVq50YvbJnCGystTBEu18SV1IdEOIxCyS+H4xwPXQhjwkgSFRI5Rp5kaWfZOwDbdu4Zo2LkyQYSSA2xis7fKADzREoawOiioTRWuEYLujoQXqMQRtF20q9Zcrqmc+K5s8dcmjsyO/XKYJkRvIvnfcFxyMwfDZCyfi4EkYXb0kJv/UuTZQD+QtqkdgGLm9wdouD/hAQyLXl0AbEqNuQHvCCe6QaAjMQ1bpX/j5hulPhH8YVPbQ7MjZL68WRhiEkloyZzA4NWQIhi+pNjiyoOlb/K4g8pYxOYDbGLTp8oEPNOTfX2WIYvABiFBmFMvp2xq+1BB8MC/Vzpebf/MX1ZSHlr//eeH81eb3v9w5efrSl99MDF5lxA2R5PEf0FBoCKjfvND84so6qCzORAKP2W9/0KbLBz7QkL8LtohianFLOb7wRDWE28gGTPTVwmC5/oPPi+59aPGv3k1dKK9fIG/4Kqbp7Q9y7p225K2/ps+XG+jHKSH8UGiIUK79YmVuYYkOKovvDBNbi3E6gNsTtOnygQ80ZO7SDJGcbGpiG7GgVQ22meLaLhpsZF4h1/zv19WPPSmZ9lDU9Jlh0x5fPm3W8gdnLZ3+eNiDj4bf98iKD74omg9TEbL0RPeP+JZARQWhBaXka/N2fN2dcXksAersTjANw18HIRbktgJtunzgAw2RxJfiqQvRYAvh6EEeSw9qGIEWSUwm8m46KF646elXNtw/K+yzr6rnx5hwJ1WMQSivg4Fl7jL1I09HPfB42Cfzq8RSUBIakZvgYEmqmx+Vv+cgfm8eWgbZZTMWAE3fvfVT3aCw07NpiJsNp7fX7jXadPnABxqyKbNaGFEWHK3DLe7kdXPo9bmNzBsKxncPYQyBcQnMJ/2Lv10/7oH5v/8wIwSXs2CmAQML7qUXQC5yw9+FRZMf+fqR56I+X1GD6uF85OcrwlExunqpPO9M20V884U8NRz1VhaI1Wq1nmw5ZdA27irUZqZUrJdlrI5SrY5K3hqfX5Sjrigxfbv3yJVLVyEkhPfJ5xb8CdJyecEHGmLZezQ4okAoqyIN1AhtN3hwY4g7QQMNiTGExOBuwu7vYJFBBgIYSQDu3QEQ3aJPtuuDooJbLZDp5oaVbkkvRwuLdZPQGkabhpCq2UGaba1X83MqFOu2bY6tUCn0QMoEg0phBAKH023C30R9aoI6ae2uzfH5e5oOIXfQBAVgejTZEQvadPnABxpyo8MauT5PGFkF0wZQEvrr3uwGQ8Rw4np2J57BeBBOY8hUSkP2mBnxAWho7t7vjkNNyTN19hn+0QRo1FC7vU2HFevztsZXp6ImmJUJoAlMN4gDtYU4XJ7sVmqCMUVhjFtdmJ9TfutmO0lwpPcgpOXygg80BIbZ+j2HgsNz6VwZH0WTF8FvT0INATOPvP6lFkcbxZE747busOIDdRg7QENgbjp6QHXjYtuVLYqCLXEapcLspgxUAaibEtMN16hCCMYTjEJGGNCTAqOuCZoETZllM/JA2i0v+EBDwASF382Z5V+G7xSSreP+OcFkKAhXlrEKuHyM59ZJalfE5F24fI2ImtlYt/nzEPfCYyP+bn+zYm1RaiKoh5Y2+rQEoDpo+jA4KBU6VYI+XdGQntSQmlSfmlSXtrE+LdGsBJVINCgTQT1AqVCv0pDA9DIkrSspzNWQtCEvV3Z+YJoru/41ExsuP/hAQzo728H+uH7jlmRDkTi6UiStxUMSujW+24S0IjkYbHpQjyBprSA0ffe+o6SOowZdU2oYEI83n1KsyVMm6NzGBEY4JiSaYmMMf35366Mzvp76oHjWzPAnHw+fOnXxIw8v/uDdjYpvcFRJBRXyiAiDiW7j2uKivAoccO14Di3BEGmISysA0HeBpIDAB6rp+qVwD+lnDQELBA+Ntl+5ejNiXYFwVeUgV3uHk6QmocwglqvBVpy3MkdXdwArOKpAGwpWytphy1aVbt1QSawmGAdcrRzsJWj9jXM+UN33wFfv/3Hr1g2W9I3mjESDKtGcntQYF2P+6UvfTL1/0XxxoXITDCMeNhhJSp+4rvB48xkn99xbqm+B6ZMVAlBFVH6w7q5fv37x4sW2trbLl6/cutVBwriKwUpCWi4v+GQMgUyhiA5bp/Xy1RtRawtFkRW4SEqI2wRHNgnlMI/SBEs0ooisuqZDUDs8zGG0gTWR7w4c2vBNLlhHnu0bKX1jffC8/PsfWPybN+NVCQ2qeGOywqRUwIxcB5ONVIVm84a6zRsaVEmGtPiuWE4CnTFtWl9aWaZnzQOP3Kdt1OcAjUB7rvXcxeoqQ3mp0aj7zmI+3lh3wmI+0WBuqTcdralsKt6paajbd+smLQb2ERCFJ3wxU2d9EvzFxgTFgKmtMGJHCB7PrhfK1SI5zOBhBuz7p92DIRE5P5usvOnJI/xaoVwnkOmF0dVfRWW3nLiARgJOy5GhVBqjBdhYQW6Nlm/jYorSYGRADelq4jCkpCfVf/iB6t4HvhJ8sT1zY2NKolGVoE1nYwVOPGCigtMVnKXgjMU9OlJCXfKGmqLcStYwEL7nIdWNtouXSkrUdfrDoBJ67VmNulWnOaNXn9KpTxp155oazjeaj1sMoDAtmpqmqkp9ezsafqTh8oJPxhCiIXSBz96BpqfDoTV+KwrPEeDh7WRpCNoi2vfcZjqMRN8AcT66wef3YqlGGFEUu2nXrVt42LUVVGQUqgdUBy0NEFxT4/61kkyiIV0DCFmSMsAYEvRF3uSpC9/972RVUlNavA7GilRFHQwjqQp9SqI2cb1eHlmTtNaY6rGu5SLzptjysmItaR6ALvPGh4C0Tx4/VV5isNSdrDef0OrO/eo1+Y9/FL18WdWK5RXLl5Z/+s+MWY8teP9PsQZta2PdqQYTjio7imrOt14mLZcXfGRlIcvx2Cw8+ATNLdwDe/XqNcmaAmFEsVhejdN3fG/Eo40OL5EdAFooFZ4JD3qyqkwcmtqw9zCOiVYbbjgCkOMkSf1GE1hjhXlIRnJxclx1t/ZtVCWatsQ3/O61uIemLhZ8uV21eS/ohjJBo1TUqhLrtyp2v/uHLQ9MWfCPv6Uok5q4cSGkwpCwtuDQd0ddrQMbiM+7GntnRammzni40XzKYj6r051//dfSt/5rbUPdpb2WU3vqT+7b07ZhfcP06eLk5MY9DadBQ8AAMxsOVVUYWdvlAZ9pCOWCk2BaYsMtfg7b4aNnlkRnCyPL8AkDvkMC44leTPpvTpMdeoLhwvk0E+fiMN/QC/FjPTWi0Ozt5fX4uANGbvJc2LM6oxMgukPfnUiMLSLrvDAUmFQJbOkWrKnURG2Kon6hcPvsWcunP7Dg2WfCfv36utdfi336qYjpU5a8+KwsbFltSpI5VaF2Gmn4YARnNQnGzbEV2eml5Di+dvIxI98DGt65sxcqS81gXFlMp5rMYFO1/vrN2OnTls9+cvlTTy1/cvbyhx79euaMlRvi9zY0XGgwn2wwgSKdaqo7uS2rgjZdPvChhniAdBj4STT87pOj88DRsyvWbAuK2h4iqQ2OxsHE+aK53wYWXMMVS01ki74+WApzJLVYUi1cmV5cbUGD1g7itOG+KwJai1EKqB21itHWqq/br1iziwwROtLWgfApR1p8gzLeAAqQmqRXbWzcHNeQuM6sWGcCh3JjozLJoEzUpCn0aahUMOZokUj05LjKLGV5+y08RZ8sMQEwL5/3NSClcpiBmA5a6lpgam7Qtb7xhvytt2Ib6q/ttZzb13Byr6W1ovzcT34S+fc5WxrNbfXmFjJ9P16yE80/nhgqDUFrC20tm93RTh5HgzA6L7Rdg0m8IDRbIKkWyAz41q7zO1JDTAax1CCUqYPktUH4eSr1vPDtSyQ5lr3HsPwgR0e7HY9oGCPbdkkl6bzR0Q4MaDl6WrEuNyVBT6bdetLWwVKCWYdZyWbhdK6iB5UgaoBzD7hFCO6iaikTTCnxpoQ1u0p26CAHe9d38CCjIdEQkF1L88ny0gZL3dkm8ymj9sybr8t/+8b6mvLW2upz1dXnS0pPRYbrHpu+YOlXO5rqz9ebjlvM5zQ1BywN+0jL5YUh0hBoacgUvEd0BQeTzo4OYnuBMfPt4ROSuNyg0BzhKpiiwGSALQ17u0Ac7CSOP4dgviGU4S6SuWFFi1ZlltXuvnkLbPEOm70dSkSWqqGIUFg6oRwLcFWTOLDejuoKU9w3uaS5g57gxkSqCW4aQk0p+HXpCTpwB1eibmPszi1JeW34HTyQOHs64YRLVXwK0gefPnO2eFelxdRcZzgdH2cMj6yNWFUbFVkVFVEZE12bsqVJozndUAeTEDSxKkpNjZY9MGXmj6EaQ3oBdNNQK7RlSBfgOHv+ct527VJp9rywfGF0FW4WlGjFEjCHoNeHzh7m90C41wumEOQAK9Af1CiyscUgiNEBocFGdYBsy4VpN32Xi0SsFkQWi8KyYrfubNjfYkWzAtQB1HVsjBZ8AczAngIa3MH9x5Qbdyau3a5M0MKMguxfBDvKfSRBTxgxyC09TDni1+RWlJhu3bCStgCK4U/WoiUHrem7A83FO2t1mr2NdccsaE3BrONkg/GkxXS8qe54o7m5osSoqTbfvIljJkTAxscPftYQZB+OL8BD1BMYUfBFHEgC0rl09Yah6fC6rSWLY/KDwrKDwneIomqIdaQj9hiel4UvHkrJUwv0pBslUROQQDGiq+dFls0NzV8YnRcVm1dUbj515hLkg8u2RHCYJykHNcMD8ATwCIZ5mD0CcxxXLt1oqv8uO31X8sbtWxJ2KdZuT1xfnLhu58bYHSkbi5M3FVaW6k+fOG8jH+cmj8JQqG7kN0CDx5Uh4upsu3D50MFjGrWprERTVqLev/fQhnXxsx6dqdfQpWc6uI1UDcERBAmKiPUBD5wckw+jkRq2220dtCnThDtstmMnz+z+9qiu7kCFtukfn4meeuanYdJNqxO3yxOKYjfuUObVFJY3VBsONOw5evDIyWs3bpGYkAIYc5AssAME2EE2xTDWkHwBfpbi7QLsrKiLyIWs67EeF1gLDiAwk62ka0OMPDaCepNzzcgFlFuVvGni3XdVlZWSlgH+UAfawHjBz2PIwAEZLVuw8OlZM5qbcTMIyZUMPmREYuOSS7ye/j0TspIvEYYjUbf7LQ/iZOEVuaXvyosbxklYQbc69gH3AOimyfZMwM+uX2dHBpHpL5JbYEoQmHyjng9x4/qCOFmwmjorDFVGDdkyeZxLQ5AwJG/cThqydNGip5+Y2dKCm20DCIAnVKkpk+6+o6qsBNysKY1WDVn51cIp4++YdM+dk8bfNXkc/N4Jv36nOwj16NndfzDknmbPKU9x+wVucGhyr/xxJevmM/4HHjTuDk5qlDxjDYC6Z90vcaL0E52U8y4n3T1x/J3333PnI/dNohpCzMJRPIYsXAhjyPHjgTHEA63nziXGbYhfvzp+/Zq49WsTYtclb0o0aGtsNvyGfQDKlOSJd/3AqSGkLY1WDVm+aOGzs2YcPUrmIV2m5pgDGODOiQFywlJnfvzhaS/96KmaqvKmRktjvTl2bczD0+575odPnjhBTzAaWwD+wBSFOJE/ypTNMLZUMw0BbpAJDG/cfhrS3HzQb5mOTLhpCLLFUmcCDXl+9szMtOQd2/PzczMXiebdP+6u9/7w9tVr7LSeMQUnfxBQfWVyl4YQv1GsIQu7NCQwhhBCTqCGPPLg808/mZ+VEbMq8rGp9z3/w1na2iq4ZcPto3RNdgwB+OMxhnhoCNBo1pBFz86aeZSu9o5hDaGga5vACUudceZD01594bnzradBGlcvX/rbn969987vi4P+3Wm1kpBoXBC9GhSosgEgW2KuUIw4SXA0RDWGNITOQwIaQoByJmw5derEmm9ikhLir1y9jJ42m8Nuy8/LWRUVnpuTjc9OffQisd1uO370yOHvvmu/1U70hGIkaoirVMCfgJUVgDvYco3T5TM2Actt1o4P/vTHV1964dLFCy65j0BBgAa4jyGpyZvdnocAjWINWbToGddMHTsxMDSgd8StJXYgO/3FLTqUnE+Fkdz9u8gVy0W4mYLr2WnvgZzZuYXnJD4AcsuUJOhM2fOSVhkJfTAiVpDUEVlBo7gKCZ6UKB8wmDOMi1hITx9PN/RJNmv7HNSQFy+1tYEIUACEemVvd6KpcRJ3XVKH+1162ZsPJ3EnQXmgsECd+G6SQ7V10+S776wux2fq1DjEP7xxO2nIMvJMvbHRXFiQl5uVkZOVDr95mRl59Jc4cjOBMoHyCFG369LTE8Kn52WmYywn4SUh12VuVjpklEOyczqQwB9ypL/Ewc3alZHrsrsPvXR6kop0lYQkS7IgiTsLRvPCkCzrrigesVh5OHnR8BgGoxAG4iVJmWaEEUle1E3uog/UOkP15s9ffv6Hj6duUuRmpuWkq8AnJwPu0pQ9MnL5uC6hPCxrzJ3mxSrF8qJuJGfWzrJBZakPiYKJYJRuFcTfLCC4C79ZOdmZBXk58wVz77tnHN114tQQMrjww+2kIUsX4RPDpqa6spKduwrydxZt21WYP3oIqtOdOGGGj4qLCnYW5L35y58+N3uWcuumbTk5ednZ27KzC3KzdxaSchZxowwTbSsu2lZcgO6dRfmluwoXzxfcN+GuSmJluRYYSMvlhdtsHgIacoRYWWBkgemAQzwzH5CIF7W/GHWNvF2e1AdDsYjOO2i7upJiYT19XO5uAZw+gK57zqx79aGX1Md5xXzIu2b0DobtXrYuH5q2WwAgZw7O0DRNBCdAVxT07J6s0xNse5vVOue/30Er68J5KgI3YOI0ReJ25csu8a8ra3aHuJ2E2ZFf9zBdhXHFcl46fYgXdZGEXHkRQitLmbxl4jjQENfOxdE7hoCV9cwTM48dIQe9gcSAfcMNMulDcmIElGloADyHmfpf/vj7V1587lJbK0hgAJXF5uIG8Okxie6S9VbWLqFALqlbku+58+6qkjKaIwXJnxduDw2BPgEySlLEf/zh306dOkkzJTu0hxlQsJs3bt64dtVu62i70HrlyqXb7lsz/AGVbT135szpk1Zru6uaPNsuiEy6KnL24489+8NZs2fNmP3EzJ8898yffv/WtuxMm82KHb4b4AIETiwi1rq8VJAuQPxrV66ebDl+49p195aKDZcfbpsxBAdOUAkUCBlBEMPaFskTOxjJPv/kk8nj7wbZv/fu7yMiwtndANxAOrjO0GWLJ975/S1J8dho7O22m9cEn396753fjw5f6WxF+AvO6zeuaLQ13+7ffei7b/NysluOHaO3Bgxic3kAy8APt42GjDSQDg7x5b/+OXXieJinghuVmGz0YIECIHBpyOTxP4C5/mcf/c/nn3z0lz++PX3KxF/9/D8PfofHh7vjyKEDzz81a9qkCUJh0OZNm0+04OeNWFo+As2IDwIaMnDQ6n/x2T8fnHKvugoPKWM3AvAEjvudnaFLF0+863sb49c7rO3fSFdNm3TPb37xajNRj/abt/7w9lvj7/h/E+78vz/7zxea6k3PP/XEW6/94vp1svMShgBMw5dAyfFDQEMGCiIy6BwbzOZdRQWtZ0+PXVb0B2jfwBsYQ+69+z82JybQZtN88MArP/7RffeOS4hbT31cgFvPPj7jrdd/eeMG0xCfg2bEBz7QkAACGMUIaEgAAfSFgIYEEEBfCGhIAAH0hYCGBBBAXwhoSAAB9IWAhgQQQF8IaEgAAfQOh+P/A/7+QZnvMSH6AAAAAElFTkSuQmCC\" data-filename=\"aaa.png\" style=\"width: 267px;\"><span style=\"font-family: &quot;Times New Roman&quot;, serif; font-size: 14pt;\"><br></span></p><p class=\"MsoListParagraph\" style=\"text-align: justify; margin-left: 0.25in; text-indent: -0.25in; line-height: 115%;\"><span style=\"font-family: &quot;Times New Roman&quot;, serif; font-size: 14pt;\">Massa planet A sekitar 9 kali massa planet B\ndan jarak antar pusat planet A ke planet B adalah R. Suatu benda uji bermassa m\nyang berada pada jarak r dari pusat planet A dan pada garis lurus yang\nmenghubungkan kedua planet memiliki gaya gravitasi nol. Jarak r tersebut adalah\n. . . . R.</span></p><p class=\"MsoListParagraph\" style=\"margin-left:.25in;mso-add-space:auto;\ntext-align:justify;line-height:115%\"><span style=\"font-size:14.0pt;line-height:\n115%;font-family:&quot;Times New Roman&quot;,&quot;serif&quot;;mso-bidi-font-family:&quot;Times New Roman&quot;;\nmso-bidi-theme-font:minor-bidi\"><o:p></o:p></span></p><p class=\"MsoListParagraph\" style=\"margin-left:.25in;mso-add-space:auto;\ntext-align:justify;line-height:115%\"><span style=\"font-size:14.0pt;line-height:\n115%;font-family:&quot;Times New Roman&quot;,&quot;serif&quot;;mso-bidi-font-family:&quot;Times New Roman&quot;;\nmso-bidi-theme-font:minor-bidi\"><o:p></o:p></span></p>',5,4,'1','','1','3','2019-08-23 22:42:16',NULL),
(2,23,'<p><span style=\"font-family: &quot;Times New Roman&quot;, serif; font-size: 14pt; text-align: justify; text-indent: -0.25in;\">Perhatikan gambar berikut!</span></p><p><img src=\"data:image/png;base64,iVBORw0KGgoAAAANSUhEUgAAAWUAAADnCAIAAAE+7+AdAAAAAXNSR0IArs4c6QAAAARnQU1BAACxjwv8YQUAAAAJcEhZcwAADsMAAA7DAcdvqGQAAG76SURBVHhe7b0HWBTJ1vi93/+9d/fuvRvcFYW9111RUTGRM4ioKIgJBBQFUXLOOWeQJJIEBQFFBSOiCAbEhKKgiAlEQRBBVCTnuN/B6UWEYaa7p3sY3fk98/BU9Qwz1dWnTp1T4dQ3f7IG7HJ8DuZynHuShKTogf6TANpydPS2Iins5D0/gaQmBudz0fQvQlLUqHnXhaRG4XJWFUlRg1Y5HtXdQlJ/EZD6DEkRDdr6CD/2AklR45tvMNRr4CV9SmL0f+F8LoPtH5DURyjfuHyDFyXbU5xJSYzGKPwBkvrzz6hrtkjqLzCXoyloOZL6i4CAgKGhofkSDkh+YvaeeYmk/vzzeHGUmUMct4A578d/HFuO/oFeJIWCxqZ2qTWekDh79hzlClBQUICkPjJQ/5lIuex/GrA7Q0bJLSIiIicnB7mK+7kQQvWrV0hqTDlqmsqRFBHcvHkTSf35Z/tJNyT155+FZU1IahQT1odd7GMkRZPDZ5zMbT1CIl3XmAR6J9JSKlQpenWFkkD1XDovRSGpcfBuiFixI55z4cZpcxV/49uMXP2LtLQ0JDUBd6svURKoytFf8whJfU5Qaj6noJ6Clup/FlpwCur+ImqFvPEX3NzcSIoeE5aj4GkjkoLO5WwAkhrHz+Kuzn72Xv52v4q7zlgVj1xFTfr9CEqCejkqKirgL7eAyVwRa9ANlIsUZsyYgaT+4nfFA/+fSLBDZAqSx8Vn5XA7pw5/5wjbXrt6ZeXKlZSLFJrD1yKpzxsCUUz4XF6/fo2k/oKqtqaKgIAAkhpHY9snPXmx7CiSGl8O72xNJPUR35QyJPWRvpdjW2ZycnJoaCgkrl69Ki8vT7mIgwnrY4Tce++R1F80Bcgiqc+RV/ZGUtihXw4adN8+0l/7NCEhsaysjFfSHq60HbakvDWGMWZDT/9YQ2nCcjS01yGpvxgY/KzhAG/qm6/dejowMODr54dcGgdKvUyrPrr62pHU52z1KURSE9PVM4Ck0EH/udC2K4kCrXw0dzUgKYyM9GS0wSOnGQ/p629MzguApxxkwC7H53yZ5SDJyQZQleNGBdqedjwTKcMx0CkHxSIZA1U3ejRoFO4YyJWP9S6f+VRlbyc06KmXY8QVJgQ01UOlHMGXjZDUR7ySPjOFKIzv3wMjTuZeR7rW7jvplAR6xpYDq5yXPKkyNDScI2wWFpOFXPoLsE6Q1DheffQo/+Azni2MuBq05GO0ew6MNpUBLi6uRTIevb393t7eZ86coVw8cYL+ENQcEdtX1VVj7HC0ctqZPWyEUuDg4EBS2Kmo7aAkxgwLoC3HCA8efBpOYZDRJt+ncowfDUODh0eAqbWDgZMuh9DYIR5nZ2ck9bnkXn/42VgShU/lQDO6OAavaBttfaOp0nZcSzZzLVH/97Jo5A2aXCx8h6RG8akcjZ1vkRRqfhZxijxo6BexeZqQ8Q9SXlPEPJA3aDIiIqP5VI6DdwOR1MTw8vIiqY/MVz/CIWEbt8fOwVv3RzHn7t4JbePeRxeQ1OcDdiNQl9Oenp59KTlzhCzmitpBtrc0j3J9PCeuvvhxWcT/J7kHyeNlbDlCY85JKrgePnzY1y8IuYSLuLg4JPXnn+BrIanPGe3DflaO0cr04iVkpIYq5859GiAkBOrPBT3c3NxVVVXd3d1aWlrt7WNNjebgzzzv0R6hx3kNJPURRssxgq17UvblTwJIYwiJKlTKMX4od6KOG3oca9dEXV1dHhHz6pqGwda3HaeRoW2sYKiPkooWJPUXfHLD7vXNmzevXr1KuUKXifxCwp7LGLQD7yGpUdCYTCKrHGOg66yjLcfIgCtWUDromOsDjcGGxhEfA5OeC11YpRwsArs6PoN51QEqLOaGw/HiCSdyJgL+Bf6Rkel09JBSHWNG6MljjOXAOMRUB45ilde0B6Q+U3a7k5hVDV4EdORvG3vgBQnIhqQ9V7C/BU5te1c/8g8ooDpSgwn81YHS9YO7ffySYDlPznlF9ztRDmGPAXN1vGurQVITk/+Yiu9KHrQnVWpbhmc7UYKhOmi3iONXa5EUOnqKM5sCZPuefxKxOXPmIKmPDDRUte7XHj3ggobxs1QU/C/qICm4548gmc9BVR20rcq6hm4kNTETTSkC/f39794hIxAiK+yWrfdcqewnstJt8VJ3ysUxtB//NJwyEfohxUjqc8Yrl5iEbBmlT8MT+HUHQFvPTeRVU+js6p0r6iC+ynWumKWXl5eVlZW2tnZ5+bOMjAxFRUVlZWXkczRpDlVEUtSwjh67KsLTy+vEiZNtbW0zBYzmidksknYpelCJvPcRWtVx7cVpJDWOMQOZY+jOP4ikxpGcnIykxnH69IQ/B8jJySEp7Mis9Vss63UsY7hhHj2alp6efvfuXcpbY5iwOkpqbyCpcUDviKTGMWaAdwT0Xi9dJhof7q+ecBSV6jAcVXcQc2MZvTZmDL1PLiOpUXBxcSGpCbjz+LVbmOcWC/v1ptYbLZ3tdmPTncRCvTpwTJ9THfPh4eFBUtRYY3Fcz9FCz0Vjra7hOn3D1UZZs+UMf+NTnyZs8bO4S1cPBgNshN6S80jqc0wjSpDUKMZbz9SrA8doMg1ZpYp97J3/J7lLaJO/mnU6j3yEoLLDNN710xes45q/nHOh8m/8W/8jQWdQC/0ysIkYf5vUq+PF+4dICjVdubFICjXfintxCu7gXKSyUFbdL2zTyp2RWx1Wato6LFRJmbI84lsJOkOMqampSAoFBy98WkQ5wniTknp1JNwaXkVKldGj8kdP3pgtRH0BEEoWbTn6i7CFo5d+coxZ4aUIR2u9/0j4/74madch6obDCNA3I6nPodGpjSfi6tiFhxhUaUBAwMmTpxoaGmby684Ts14o7ZxwCJVfUFZGZaKVEUav2x1N+9GxU2AUxsxe04B+dcis9V+81OvA4eE7h/4yKSkJ+u0LNye8w6486kODjMxpjgAmLJJCDe0F/mPAIB1juF/ejKSo0RKpgqSogb5qLl++PJEsUBhopO9Sood+ddBesE21AxvNmGkfoqC74PRtYw+S+pw3rVVIihr4pQMH8CRHr1mn0NPTQ3HhBgf6+GQsZZTcZdd588u6LJH9TJ33luZ1XUtAMhNz7lY9ksIF8dUxfoKKKqXldXPFHCQVPOaLW0N28+YtsrKyRUVIOw8ODqYkUOKyn5a7iB481YF+DE7Vg7qnRAholtJiHbVkSDrG99t0qXnXtdWn8MzNN0geBdGnK7E+/PA8CySFEcIaC9NGzyeCkAKQpUorPzzJfsrQ/graXCw7isOToAtZ1UGDrr52uBnfHO29N52vvTgNdzXiSkECsjcqMuPz3eAD8DHmzDaNMAnVwcqwq+MT7Lr4BLsuPsGui0+w6+ITzKsL6C9dzqrS2ClAFfg8/Bcj+zbQQ2Jd9PR3wW2g3EKCEvhOp0xlYr9zBOLrovxd8eh9qeQBvwK/hWSIgMi6IHbjC3rG7HXBDQF10T/Qi2mhBIW0K681/YvAEx+9vqe0uu36ww/g1Orsum8d/YjqBoKJgDIw2HYYqguohfE7fSciJO05I4NRKP+9rbsJd43gr4vDRajGo6iuc2YQumPfI9ENMIGnLtBssiEvGM4I0KCoRv8YIacUwxQcgLkuDhT4IKkJoLorhlRorDFDsxdoBGx1MThEawM9g+veKis/W16DCUyrKE1MTJDU5zCkO0eDtSLaDpl1nA0Y6m5D8uPqovv2keZgedqLpMZAY//p6Kf4zTffUI0vQ0BdvG9BGyWpLcV4qJP6XNycOXMoq/OGhoZmCZrOERo7ltvkJ42kaII19MNoGK2LfWdpzVBRGGisGb36cQz3798vLBzuF3iE9WfyG80StJgjbD1PbDjYB1U6zvgiqYmZaG3kGBqb2mYLmiMZButi/CK7MUATGN0KqHLnzp0LFy9WVFQoqTlIrfGQUPDo6qYvaHS3io0XkI6Oju7u4dWbTS3ti6WtF0nZCCxzWq0WePgE8pzo1MX4eGYj0F0eS/sBOvkcFVruMlfMxsUjGFrvjh07XFycr1696uXlNWXKFDTbnod6O5EUOjo6On18fGIuuT569HCVqu8GrVBXv8+0Bq26qG4keG0FhQcPHsDN8y3zFlfw33cwF64UFBSkph5OTEzMzR3Ojobuajm6K4c6u3rEV3sslLSbJ2oG2aCgXebmn9rFaBjVF+MZaJhQg9BY3DkwMHDy5EkkM46MjAwkRQ0aq2XDj72QXR8sttpHZq1ff//Ahw8fnJ2djx49evAglVU+E9YFDSuFVuiEQfxqnC7QdpDUOFoTPy0YH8N40+N0RkZ8/thlAADxcjEeAvcQ04hANibS4wjozTDqdUHDvqQx3001st7I2gKiIGqF2Pgdx9TrIjTXFEmRj+eeY4ZO1kp6Npssna0CwvPu058uHR8qj0JLxAYk9TljgrpRiLkxNi4nYW2EahA0fX1aI10v619Gx/mGRcRGRkbpmpm4BGsrW4bMkjD+XgJViAbCwVYXVJem42NoaGCzmcWpbP0tOpbr9XQCIrc7BdvMX+7OtWQTp4D2t5JhyOcmgEZEQNxgqwvaeyzGQFtlcq5J+Xl5nIptcnSc4i+STv8T1Jg2X3G6hC3XElUuvs2cQsO2AA46s3YhKexgqwtMiyklJCSQFDVmKO7/aVmwQ0jIcr0zW6yCkw4tn75gHQe/LifvWi5+TQ5hCzXXT5FC0DPRVg80YKuLiTZ6UUVERARJUeMf0iEcImard9iae5oauhlttbXh4N8+VcJmmojxNGHzacJGGh54ggTQ3qVEGxLrgraxOGNd8m/Chpx8Gj8LGAdGa0lstNd0TtS0VV2pbf7rsoCpIsMr/nCANbzHaLDVBYEMDg1NWxU3TdhEUCU8JckreJeVtW+wwKYUTrkQbvkAHpVDyOcmgHYDxAdDdbFExmbEv25PpxJG29qa1uM9ff3Fj8tjOKX89HU3RjqpnIo2s3azEt6axrWG/lpXTKAcbaJeF+PXh/X19bW0DK9sTcqu2qDpv07DX01n9/ptIYukqRj2mFiwOe0/stE/LI10CPH8UTb68j36ZuVEW24msrWoxocfv06ael2Md126u3tcXV0vX77c0dk9X8xysYwjOMI9vX3I2x+huoWA8BjGVVX0R9LQgDnUPDQBkZWu/LKOf/AbQ9bHx8fX1xfN3t7RoBmYQQkNZ2SwlfomMhp7LccwYV1QJlrkNoYIr/SWWuPT1dULzcTU1PR8djaNIOVYx5owQWMfBu0NHOOhumcXs+48kzm8LGSz14RDGAPvJjy8AbfhTHtTLI0dG5hCNdCqCxqDncDoQOCYgBujvXlmNHT35NAwuieayp1o0x1muRgN7aH3zgt0Jnjb29sVFRW1tLSgdihh2UAvhoaGQjcxOlLdRAz103oYIWnPkRRq6NQF3aBXtKtjqLOZdolxQztYwp6TE64HobFIgr5c0N3zTLdNDtQ/Qz8V+KGxbZag2RzhCfdATLQhcQQaw7G0N5igaiN0Fx+h3EXTmqgzvqO5d+8eZQScW8BgJr/xbEFLHhHr+eJjrdjxx8ZQJa94QkGmexdo9QXdpQaYZrqh4bTGa4JCga66orLqypUrubm5Ktuclm3wcfRGAvMOh17xk+6rQGsdUI3MOkLyHX8kNTEYdCeazVYWkWg3dyySdhZe4TZP3M7FI+xDYyNo0NDQELgOdqqCggLlM+ih3U5RhjbAUBcAXemggGZdksBy343bkY7mQUlJfHx8eXl5cfHwGkVMIwN017ftvUk/JA0FbHWBCRBaugHNcZOYVY1yMh09OOsC00av5JxXtBdWoWfvmZel1XQm7ing2IrGkFzgOJ5q39kq0CktHZ85uDQoqWiBTgrTQk/am5ZpwGgbaetuwhFlhCSgMLiPLAGI0Rddfe23Xo4NW89M7lZfYnzBPMG6k/k7Vgn8RYLrYoTRUePIgIxKJ6suRujp77I/s57xJT7wDfA9JO0coUB6XYznxfuHYBGDFZv9NAXa+ciOXVB7kIYrOaWp8C58htjtIXSZhLpgWdh18Ql2XbChDlsy2FCHLRlsqMOWDDbU+btIRk1T+a2XWUfvhYXmmlqfUoi4anWqJBaM/rznJ8D6L6m9AW4AfAa8AsqrtqUCrjyquwXvwmfgk/D5qGu28L/Bl43ge+DbSNpPwSJ8DZIxODQAD8/lrOrhouAn9WhnVsgDygAlccpUzn2WPn79+ZfCFyYZb1qroNFD86W9a5ZlyXgYD+XHERaB+bC0ZHT1tYPqpnEiwFfAjYrMwEv6TA45hwbWkgzQvSAKOA4v/WqgCAor9EGTLxmgGNzOqZOkYBvbetOuvNYPKYYXJMiY/c5//CEg9dl6lwLflDJizzxqaK+DmpksdTJpkhGf70bsNMCp63XKbndorFtiPiCX4cdeWEc/wrp6ejzgB9Fedko4TJUMUJIe5zUIMR5LKlpADsprSJxcI4k9Jyuo7hxFD9QhqbOKFJgkGYQIhFH4A2LVNSvAyE2hWWWIG3IlA9x6Bg0Ix/gnX580TAT0O1X1mLejgDmCJqiWgoICpqWTZEkGyqWnVOntH9zsVUj4csaJGGio6inO7Mza1ZZkAK9ZHD/MmvrvB67Lm8PXwmuw9R1cbE936LqW0Fdxh25oIELIvvMW0/ZxCjRWwlNkYjIlA7oMRgylrT7EC8RQf2/npagmP2n4i3KD2Jw5c6iGiGtt69KzpBK8p+/5rdZEndb92r2lecglgjh+tZbGaX1UOVDgM5HTO2mSQXv3Bg2gv6B9dhImOs4GDG8sxhLZZ2hoqLW1dWDgs38ZHBzceyBni24Yt4Dp+m2Bc4QttuhF8IhYyyihWjQPCqYpQLa/hk6IMpTQ2ABIFcZj8BIjGbjXIELPykiMPQoDjTVNQctx6/mOjo7GxsaCgoLt27d3d3c/fPiov79/oYT+LEGTuaJWCyTt5onZLpB0WCTttEDK2cHryKvXeOyerrx4unum6AJODaZNka5n1ZDUKNo7us0c9onJO/7BZ7xAwma2kCXVmICMSkZbdxO+YYmA1GcMdhygwBlpkXX1TWYOCbwSNjMFjML37Gtqavbw8PTz8zM3N//999/N7YKkFN1yrjz4kwRrh8GSg3zQrbrm5ub3799nZmbujgpr7Hx76tSpnEs3Z/IbKKr7gfJT2hI0T8xGXTdyoZSDhkGM6CqPkcCFIzAkGfiWQ5dWtzEyFtl2yGyiDe5o2BMZvUDKjVfSWVTeQ0bJe4Gk4yJpx8DQ/fBWdHTMNq0dIBzq6uopKSk5OTmNjVQ2x7S3tzs7O0+ZMiUiAk8c5tEwci9Uo/p0dvU4+aSKr3ZaKGkOnaSvr29AQICpqemGDRt27w7jFjSVWuPuH366tY2+vYVfMvAdt4W1vxwBjEd82njdunWjQ5cUFlet2RKee53KvlrK8X25ubknTpwsKyuLjcVwxqy9vb2iIt6QPoMD4P4gaSy8beyhRAOTXR8ksdpTUM5tnrgj31KXZeu950vYfmh419fXJyYmtmaNkqqqalhYmKenV04O2shNOCXjVAnmk3kBfEPXg+0fuu+kIxl0REdHw6NCMkzH3d09KCgIyWBhoggwtNEOvCe0MkDf6kBp+dg4tOXl5WBc5+XlgRV19yPoI0rikYxzT5KQFGpaOvrw9SBtKcOxW1Dy4sWLnTt3IhkWwNjY+PFj+kc+joFqaEzaoI8Tk/sMbRvDLBk4RmR7+wcnOiKWBj2FJ9B7ngkJCURFICKc+vp6rBYJpvZAAb1woBxcwCYZNI5Ap0FiVjWSQg3V6KFUAQ8T+g4kwwCDg0OX7laHH7riE3vSPPhQ1IkLd54+GxwizDNJTU2lRDNHCd3zmMcTfRrtAQ7j476OB5tkvMB+wieOQzvQRyQMDQ1FUrjo6mm+XmAcdyDENyghKdUPDPmoPTFx+9xsHCx0rS30nKxDEo0ld5z3jfOaq5JY/ZaAdRITnd1PFazWFXrFjGa7PgbJwKcwsM6HDXtx6DoRRlTFi1eFiel7PMP3hIZbBe5y1zcx36itv2arlpGds4uf2QbLU7pOljLaUd4RRj/O3colqM0ppP+riO0Poi77Mxk9LRu8YiSFAqw2Kd0T50egO4mBQTLQBKoZA47jrlCeTgI8eIDzCCEZs7Nm/rtNvU0XbEwx8/AI3GPoFKbqGKRt7mWo6+S5xcxs/gqHKQK6XIvVfpFw4VywgWuRCiefxm98WzgFdX8Uc5+yah/yRbgAMxlJoWOwGe35YsDBC6+QFD3oHoqFQTJwdCWO8U+QFGpQ9q+4fZBLdyu51x9Qt3b/QTpi/oYQ991eeh67fYO2/CRqzyFs4h68dcGKnZy86zh4Vk3jVeIU2DFVzJKTbysX32Yufm1QHlOlPP8l5pl8nqHTveTlJww8OB5MQx3og53TjbSCQTIoe/dRcvPmzW+++WauGJVxe9qgHBOcKAA/Xda7XvlRbs+/xTx/knD8QdDC2lN3h+teq8B9joHKdn4a86W2aBqv5Vy4cYaoJoew8XQpl+mS1pz8WqAwpooYTJd04BI0+lXEkmstZr99NJjmPBs9BJEUcyFLMoKDg+H+rQOOIXnUoNQZWlpaSAojRaUv/yG15z9ibpyCOzkFdTgXq2+z1PLZ47fR/IRvlLWM8iYT5y0hcYZOQZY8Spa/SHv+V1jnR3HneesSvhd3/aeE96+itv8U90k4x9ByPRrn2YwHk85AH6CJblAiDJKBad8HRTI0tTHPBTcFyCIpeuC2M2RNz/wkFz1N1JZL0IBriRoX35bpotbT+bYJaKRru+838Y2wD3JYY3HSJTJAYssuMy+r6cIG4sq2P0m6TRU2/Zek72wVbIc0jgHruAuNE5PGgz6C4N1qOkH9MUgGvmVaWE0N9AYXIy5rxo0Xs5QP/bgscqpsENiVK3b4BrtsPxSidyhQ61CQerLL6rhIDydPl222ltxKcTxr94lreC5R2Sujsy/kCKMnZ7q7uyMpFLREYxtXRD//QHc2FINkPKqb8CRAGowOzDk0NJR6/NpcEVORFY6zBM02agbziFg5eo096hrNOYEUMA0PjKehpWvJtmO/r03+bmnkd8Iuv/Cb/cqnO1vOfd/BHfa2ZsZ2hlOWOgtrpfNvPbZoy9GK2uHA+wxC+1iCMQyPAmMB06m3BVV0AlhjkAwg4qoVkpqY9vb2d+/ePXnyxNBo+Ijt7OwcrwMPZizWEZMfloblyj48IjZL13rPFbNdJO3MJ+uqa7l/cHCQ8r8joO9c+/v7ExIIOM8BpPZ8fqnngVtr7bLXO+RYRNw6mE3kGGhGRgYlXjZKeh9hO86mpAKD4KKJi4pNMgaHBibydnp7+wMjTsmuc/t9iX7D+7dHjhzx8/ODJmJjYwPWopCc6XwJWz2r+EelaB3u7htJ6OdNoGepr8d/VDipNDQ0YOpBAPSTAxS6egbQx9kHTwLN7khskgEUv76GpD6yQjlYYrUHNP154o7CK9yklTzniFjfvz+8qGTlypWrVq/ZuXPn9u3bw8LCMzPPQruk/Bd6MNUR2KSY1DXZODs7FxQUIBnUdGZjs59q3nWhjzELoIxSilkygNHD5CKrgnQsEh4+GasJ3r9/39nZWVPzOj8//+TJk0+fPo2JiaERJJ8Gg+0fep9cRjLoAHWFaRCaWECBYVUSFHAc54V18wGauTQKeCQDQD/NP57kHLQdymiGutvaT+I5Z0lGRgbfc8IECCL+Y7oGB1r3ayNpLNA4/5QqmBbW4JQM4MX7h7g3JCZmVeNeMj583MMER8ajAR7hlClTgoKCwHRFLmEE/hH+Hb6EcYFrP+480FiDZLBA9zz1McCTwupa4pcMCuij/49HZ9d9JIUL8PUxjQKxDmA8oT+PYwzHr9ZiPW0Jx1QowKhkAPjWhI4QfuwF7oOlKAzUP2sOlifpeKHRNDS27TTDOfXfffsIvmXAI4CewLEPA82WV6oQIBkUGNnICoCBHXQE8+kPVAEVjfU00oGBAfAte3s/k62Ozm4Lp/2qO0JmCZpu0AyaI2yprrObR8RaZCWqTqS/9mlTgGzfczzDg6Pp7R/Ep1xxbxmkQJhkUGA8+gfYp5gGbegCRgkISpOf9EQDJK2trY2NjfHx8YaGhvX19XV1b+Ai/1KjWYImvBLWvOK2vBJ2CyQd+Ze5L1f2z71Oxejrr3nUftS2JVIFxxI9Gmj6F+HbrAVdPOMxKQiWDADKxPimSgDffnCUdHT2uAekL13rMVfUcraQqbdP6Lvj3oHe7rt27TIzM1u9erW5XfDeHRsafKSaw9e2xGpAR9B5Kar30QVM62hwwGAcAKh5xmWCAvGSMQJRB3pANWkH3iNKkXR19S6S8Vgg6Sq6ymvpWt9FMq58sk5PSocHWrKyspbJySUkJOzbt2///v2ZmWcLCz/tmzIxMQkODkYyROOVVIbphKPxMNh3jIdEyaBQ21Jx9F4YkmEYkBL3xFL0i6THc/Hqk7fvaQlZdnb2nTt3UlNTL168iFyCasKy1gYNYFcpu92hfQ4gGsD8r/yAeeEcGkiXjBHOPUki/OQWEBRwbYzCHzCyUZY5pF15repxl6j4QdWNZRkPqZwjTiDMk4wRCqpyjhdj3oaFntLqNlDOIC6TEuevpaMPzCPQByAKuM2FiYDWxbSz2SZBMkbo6msHX7etm5jDGFFSWNYE7o9j/BNowWD8+6aUHb5UA3082DGPX7a+bewZfdQsZOEFb90vb4bPwCO3jn6kYH8L3MiQtOdnbr5530L6IAolXirzo4JOpmSMhnL/NA6f/lsB9cD8NjMGVpGMMeSUpkZctWKFIMvMAe406pot3DWSZwFYVDLG8KjuFrShryk0PZgLcEdFr64gedbjy5CM8YCmBTMWKpfFzxAZ/OvsFSgtpm0Zk86XKhk0eNdWA+ISmmvqna2Z+SgBx2HcmIDvh1/xzdGGX4TfhV9H3vjC+Qolgw0hsCWDDXXYksGGOmzJYEMFtliwoQJbLNhQgS0WbKjAFgs2VGCLBRsqsMWCDRXYYsGGCmyxYEOFv4VYNHc1PKq7lVOaGp/v5nFewzdH+0CBD2Thdbf6ErxevH8Ir8bOtyMvyhXKu5RPJt/xh390O6e+96YzZOELv6wJUkx8hWIBj/NUSSw8v4irVtdenCb14YHAwU/AD8HPwY/CTyNvfOF8DWJR3VgGrR+act7zE5PegqEAUAz/izqgmaBgyNUvjS9VLMreFkVds4Vm+qQe54Zx5gDljLnhAOXEF9tusvjCxOJi2VHvbE3CN6Qwh8oPT6Dw2U9TkDwL8wWIxeDQAHTbobmmDB4Pzjo0tNeF51mk348gamcp4bC0WNyoyAy8pE83tPGXS0dva/BlI7BFkDzLwIpi0dXXzpqVRR6UBsD87UMTwVpiwWq1w2Qo7YEVdkKwilhAXYCTiWRIo6tngLKd0C72sZLj7ZHthHDx+sMPI1sRR15wBV7wLrwouxeV3e5o+hcFpD5Lu/K6tBrnyeF0oYy2IZnJYPLFAu6fwGgIY8h//AEeIUgA/CVqO/lo6hq6QT6Mwh/ohxQfvlTDYNywMUC1TJZwTKZYkCQQ2XfeUhr0pIQ/AL1C7K9nPIzPfERAcHRMTI5YgIdGSMilEaDVWkc/CjpSTmx7ZZC84gZVj7ugRZA8A4BDS/eAKgKZBLHwzdEmao82mALagff2nWX1mJ7lNe1QTgaDhoElTnjApIlgqlhkP00hyswGLR1+DNv5g6xAVX0nGK2FZfhbRUFVDtmBcgDmiYUb9uO+xwN+AVQr/EXyXyzgAfmm4J9I887WJHWElBliUfa2iHGLGvwIHGc8sziM3FTe8xMltTeQDNGQLhahuaYMDk99lQIxmoKnjfhusKe/K/jy8FFRhEOiWICWY7DQ4OOhP336Swd6RqwHBlCAhgfygWQm5ptvvrl58yaSoQdZYtHc1UD3LGjabPUpxHQsD1FUVlYSHqkTPdGnK3PvvUcyqMl8lEA7xsacOXMUFBQmWSzAmGAkIFByzqtT15kUc22ou63vZVH3jaT2dIe2JAN4HdASBLFoDl8Lr77KQsrFzqxdPcWZTDvdYrNX4ehYgGgAO4OGqWFiYjLJYgFeKCMDL1AjSIoEBuqfdV6IaA6Wb92v3X37yESPmYa2GOrt7Ht+azgQfYBs2yGz4eMtUR/Wh4n75c3oD+mnAAqDqu8KAgF3RAG5RA+CxSL5jj+afo4qOCoCDfAUQQjghf7Mh4mq78KVB3viziGZvwBB6bwU1eQnDQIHaeQqQWBtJFD5E53oMGnaAkQVt0yAtUWsJdFz7zQ8KviL5FFDaVUAkv/zz+eVdTJrnBXU/GYLWfCI0Dp7caizuf2obVuK8WArYSuNA1Kf1TV0IxkUwCNg0KoDCBOLWy+zcK+6JrDjwHcYTFdXV1vb2Fnyiqr6LXqh3IJmc0UtZgmazxK0WCRlP0/MrrEJxWm5gwPDp+OcZuh86BEev2zFZIe2dTcxOJpMjFhUfniCO5Y9g+ecjdBxxhfMRiSDhffv3xcVFTU2NlJOwxscGko+cun3JXrSa5xn8ptIrHYFgZBd5z1PzHazXuRCKUcr18OUf0QD2LMgpvgOuBtNY1svptNGwc6gO9h1JvuuxGpnUIEtrR3Ipb8gQCxASeAbbgNj2z2xFMkwADTKrjz80wTd3d0gGRYWFr6+w8fEX79+/cbN2zP5DdduCZgrYqW8PYxXwk5DP3KRjOt2k5i007dxHBMM/k5T0HIweJE8LgYGhzCN4oA/SNX2v5r/WEDWZqWKz2xBM3WdcB4RKzPHZOS9vyBALOLz8Rxt2tUzwMjRIRQ6s0O7rjG0FmFwcDAz566Dg0NiYmJ8fHxeXt61a9fKy5/NFDCS2+g1X9x2zZZg5e3hT8peI//AAEP9vcOn83UztKYLpXJ9+fLlhw8fSkadupiTe09tZ9BMfmMFNRAI8/XbgnmErVYo+/GI2C6SHvsEGRUL72xNJIURl/1PkRQuBt69wHcc7Qhpp/MXSFhLr3HlFTft7u5ydnaOjY3V09NbunTpdq1ts4RMnX2P1L5pRD5NHMMlj8dZaQDoDLpzbO3t7fX19Q0NDRoaGl7ntz1+/KSm5hWPkN4cYZPZQmb8so5zhK35ZZ3ATuKVcBRe6bnTfN/AwCDyzx9hSCzynp/AN4/HoD3RErEBd5u7ePXRqk0BwivcPrYSh6Vr3eeKmhsbG8bFxXl7e/v4+IiLi69bty46OrKsrOzq1atwfefOnQICAry8vF5eXnAR+SLGAG+2vxrnRA8o2sSsaiRDDejmMjPPGBgYRERE+Pr5ZZUchIvL19vMFjIVXuEMRpLQCnf+ZS5xyZc7Onso/zIG/GIBjhC+DXRbffD7HYPtH9oYOIAUGhCfjJ2kgpfQcvf54k58sq7L1vvwSto1NzX29vby8/Nv2LDBwNAwPT3d09MzM5P6mYY5OTkSEhKKiorQIpFLuABvtjUR56lvYIFSXbRxu/CZvIrXH/xGiUlHQWf4+/tD/+jq6iolJWVi5T9fwm6HWcyN2/TtOfxi4ZuDR4eDF46ksNOdf7C/Bs9kEmBtbQ0PEqxLmXW7lq7zF1vts0TWS8t4b2l5LeUD1a9eXcnLi4qKOnLkSEJCAmgF+Et5ayLg25SVlc3NzZE8LkDzISmMjF4LeOfei6XrfEABiK92nStqzSNq4eo5fChfSUmJi4vLtm3b3NzdHRxdKB9GA06xwOd61DV041742nbYEscYIvQCXFxc4H8i+T//FFrp77nrdFPz2LGH2tph+SgsLHz48OGwM3LjBtielLfo8vjx4xkzZsBvIXmMtB93xjc8qupxF/42t3TwSrrwSjiLyHtIr/HilXBYKGXv5r0H3jp8+LDGNm0jY2MlJaWUlINZWVljjgyeCJxigW9PB+71SDiaFDwkHh4eJIOF+/fvnz179u1bPENzYILgE46ee6fxzcOFH3vR1NwBmm+htIe4gp/YKk/wNl+8RAr/oKREX18fzKPLly/v2bPn5MmTubm5lLdog0cs8K1Px72UpiVSBUmho7+/n4ODA3pWJM9coGeBX6eMjGGi98llsJyQDGrAwnj4tFZqjX/i4eu9vWN/tKq6emjoz6zz5w+lppaXl+/btw/loAsesch9lo6kUNPbP4hvASZWowxaRnQ0zgP1CSQ5ORm8ACSDmq5rCTh6E0pXQoOenp4TJ05Ah1JUg0pVAJjF4tyTJCSFBbpFp8pER6hPxOLFiydLSYwH1AaOXqz9KOYT7d+39L5tpO5njgflQaSYxSLmBuZ5B7A0cezqGV4gg2XGC0xLJMVKgCmKpFDTHKqIpFCDvtWhNAqxiUVzVwOOc8KU3fDEMcI0FMjLy4ukWA/MZRscGFaTWGjp6EO5LGFwaADNIilsYoFvqBvHaeMdZwOQFApYU0+MBmsJcUz0oLfo0WzYwSYWNyqoD/zRgPYw7UR03z6CpOghISGBpBjj1dv2Q1nFgQdyLAMTPfadyrx5r7GVyB3u4LsiKXRgHcxNu4J2Mu9u9SUkNTEYxAJfIDO72MdICjXou4+bN2++fs3Q3Gb/QH9Iyo24g7Y2vg7GrpZr9e23WLpssrPZaOGsZuviHBHjsz+ppxfD4qiJaG5uzsnJQTIo6Bs1+YkS9CfOF7+mM1KHQSxCc02RFBYqascu8aAL+p5VWVkZSeHiaeXxmOSwgLC4gPCYkDDvsF27o2N3nc003G7iZeGuo2Zp4xAWruZwSt/ddYPDReR/GGDnzp1ICh3tx52RFDo0/T8N5tKG7sQFBrHYexNbKYH75c1ICjW9JeeRFD28vBhaEpd2Lu38ZSffgD2eXoE2jh5R0XGenj7GFs7+oS6mrua+UVulttn57XVYqe3yo4D9z6L2P8gxukASsLamtRR0DFjX/HkloR1EpuuPYBALHPMgOBZVNAfLIyl66Ovjj5CRlnPcP3r/7r2Wnl62ts4OGjq6q7R27DR21LOw1fc44BetLb41RcfNa8UWc05BbS7BndOETaeIOH0rEYT8P17s7e2RFDowjYg/fol2UyfdGLdoxQLfPlLtwHtICjUojc3Rs19Y8U86Fxxvt93GLjTexCNUR89eQ0PXfL2+nuJOvY36FltdEpZuz1DasWOGnNMvs1ZyLlbh4teYIuY4XcjkO+mwxZppyLfg5fLly0gKBVj7EfRDybTdVLRigW+XGNYQFMOLa9ANa+IeqOjq6eFWOWLn77BKL+gP5RRbR1v3cBW7QC09px2WPq6uobYLFINnialN59synW/b1IWbORdt5OJT+23Jlt/4tvwqavN/Ev4VtQzttObg4EBSKECvOymg32hz62UWkqIGWrHAF2rj+FVkNQNK0K/UlZOTQ1IY0Qu6ILw9eaWhD6f8XnmDvdFJWz1cLZ1DnXmUon4Qs5PTcuDkXT9tviLnwo1cS9Q4hA2HE3xbuJaoD78Etv9H1HOZKWYvfTSYzGT0jjqFoCNoD5enHbUMrVjgGPMGsIZ9QW9kJSePXayMkvmb0+YrH1q8yXuqXPhspUTH3WHe4dvUTM2nCer9W9DuyKnNv87b8OssOc5FKiAc04UNpy1UBvng4tMAmeAU0PlFxvfn5XHId+ECm5v6EltfiX5Qi3bsMrRigW8tFvopHAroV+0WFBQgKYzM3Hjwn9LB/0/S72cpP+9I+937N68yyFqyIf5/y8O32zteua40dbbctLmrpy9YN33Rpj/EtnPMkYf0sGQIgO2p/b2E97+lQ5HvwkVVFQYrcrAZ2xZtedt8JEUP2gPWZIkFZb8eVrFAP0uEexSLR+XQP8T8/i3m9quInYyG44H0TatNM6wCAoP3ysqo6CzfpPbrTDkufm0uAU0OMfNpEg5cYqa/8W/l4ts8XdiUQ9iES0jvH5LD6+FYE/RiYX1KAUlRg0RtYWJiYungjWTQgX58E7e2+EP58L/EvKaK2HAJGU3j227ksl3bKWWNtoqxk35EgtZGA7MddtpTF2+bLqTLIeM5TUiPk1/rJwmnnyUcpwmb/yjuxCmo/3+MiQWp2kI/BO1I9OSIBUVbYA1T0X4S7U4k3LbFAo20/5P0/1nK66OtoPlfga3eEeZWgXFi244mHN4io6LqHmyYcFhlu63Rj5Kevy+z51igNmtNPMfykO/EPf4t6fOriPX3y2KQ78IFJgcVq22B3uQkphPBYXJWVlZO5fwDyaADvSciL4/NcxtBNyjvW5nwX5cFcwrqcC7eBKbldD6dXxdpqRlv1rQ0cPLfoqDlqOUc77p7m6z2Jn1325A4tXnrD8xcEw0m6veSHr+I2EoaMrTrl1RPBL2DSozJeaokFkmhg6ItsG4TGupEO1iOb/ku0N3Tx73h4L+kd4GtwLV40298GtBNcImZ/0/aabnJGT33A3Gp2839guWNzsnqxzrv0udd5aKip/uLtMd/xJymiNj8e2lkzTuGFoBNmTIFSaEA65Ic9LMNxDio+IazHOMxb2Mfji+DAty2BbDNO5dTIfEH2VDoEUBnTBWxdAtyDY4KObTPMizUMTrcyiPIyDMiUNvOiGdN5E/i7r9Iuc1a5fOr3O4lainLzY4j34KXc+fGBk6hAaZRTkwnFhAznIXvCCAc4WrRtw9G9u2I65+ZKr+Pa3XMdEFjDn7dPWHG3hYqSQG6pyO3BduuOxuzMyJql1ugk4By9GylffM3hM1f4zVj9f5F6hhCGFDF3d0dSaFj4B2GYWJM+y2IGfwG8G0ZojqxXlvXGB6bOVvQXEFt7Cos9PFrsE47jUHCIOP3dcn/kvCeLmar42Sva7gpbrfpoQi9lKCd9y/s3hdgrGVgJq1htVj9MLfSgZ/kYhaoMSoTAKa5dUxL1AD0uzjpLp3BIBb4AhaMnkR9/6FVQz9slarPTH4TITlHbgGLeeL24zcudOcPb6VFg4YGQ6HRtQOuwsOesjL+n5LBPwra/sJvyCFk4RBkomuia22uv1bf/HvpUIGt6SuMD6yxRTvdTwOsU75Yo7hcLHyHpOiRfMcfSU0ABrFAedRDbW3t+49QsvvOVj2vrNuiG8wtYDJX1HyWoNkcYct5otazhaxk1nrzSjieOjfWB2uJRhsdHJy9hgaGDrjr7RtQsDk3Z2Pq9FUJ38qE/WdZ9HcSwQomoRyror5bGiWmHRd14mRHNwFBvdrb20+cwHD62rBrimUzBKbpJ7prcjGIRdlb+j50d3f3mzdvPnz4YGJi+qqmpqW19dKlS5u03P7gM5Be4zZL0FxK0YNHxGbt1tCFUo6axnvFV3sePXUb+edRoO9KsK6RnIj6Dy2JWQ92BlyT1D+t5XMl4NCDyloiA85jdZ2wxsBAP5AFELloD6BtvlJ48OCBoaGhr6+vnx+iqdz8YuYIm27Q3MUrYbtpx+5FMi679px5XEornBSmhUmsv/Ib624RrMMV7V396OMU0pUJAJtY0Djm5NHT6jXqfrOETK0dQyAbEBAAVrelpaWQkFBSUvJcMZuNWrv2Hczt60O7ORPTNkNW3iciIyODpFDTeQnV3q8RMIUqdMqkP56GTSwaO9+O2T5U9KByhbK/8Ap3kRXOc4StFkrZGFoMr2xramry9vZ2cHDYvn27jq6emiNmk22osxnT0C+O/VtMAM+uMoxLbxrbejEF7qxpoj9Ajk0sgNH+SGtbF6+kywJJZ4nVnuKrPeaJOwgsc9IxHZ53Li8vV9+8dceOHUpKSunpx8LDd1+8inmFO9b4edB/49gqThJQEhwygXWVHoBpfy9dH4QCZrEYHcUAxGLJUq9FMh7SSv6i8l7apnEPHiGDJGVlZc4uLiGhodnZ2TExMfn5+eHh4ZS3MIF1x3pQUFBaGqPLLRknIyMDx8J0MCmwxgQrqWjp7f8sGhptUB4liVksgJG9ZU/L30go+sWnXO3qGrsx9fHj4WHv9PR0EItnz55lnT9fWlaGfn5vNM3ha5EUOsAbmjJlymSpDfhd+HUoA5JHTW9pHo7IJ5iCTqHZT0YBj1iMTJuhCaFx9uzZ1NTD7R3DY50VtR1YF+ZQwLGJ+9y5c0T5rugB6xL0BJLBQu+TyzgC72ENin24CO1KETxiARy8G4ikMII7bO9wb4L9iAZ4SNzc3C9ekHsG4uvXr8GswScQQMfZABxxcE5drxsYxBBPGGVkCwo4xYKRU2TQ74kbQ1duLO74yDt37tTQ0CC8Z9H6CCNf2xKrgUPcwfvAejY4pm3lOMUC8L+IM6YkgO9QLmCwuQ5HvJgRoFlTQmoyMi8P/wvfAN/DoBIC63JYJrADNibWk3ax7h/GLxZdfe1ohsOpgiZCMQ3ACB3qxxx9ZQxFRUXW1tYcHBxycnL29vapqanwmEcvtIQ0XIHr8C58Bj4Jn2dkN9towPfGerrFCFiDAFQ3lmFdF4FfLABGTjft6hlg5HBpMNDaUoyRzBfFQGMN1tiBo8ERFxvH1i+GxAJg5Cxk6CAZ0RlAxxlfrNMHk8ngAOg53AcTgYrFIRP4HhCjYgHg9koAuFVMU39UAWuDGcIx9OfZnKLdsWeRLBaGj4wIVcS6jHs00IRwxMXG5H2MhgCxeNNahdvIoEDIoVTt6Q5YlzOhpKDomcAya3kVn9lCFnNFbZCr6KAcksXgATMVtR1nbr5BMqip/PAEzfQHVQgQC6Ck9gbt41npYhT+AKwNJMMAfRV3moKWY40Y39ra2tg49uiQ7Mv3pRScPq4bMp8jbDFL0IJvqeM8MbvaOlSHjICMDi+vwu58jmHPyQocEYXgcaCZQJ8IYsQCuPbidFs35gW9owFHnMBTcbuuJUAz7X1Cf6/Ou3fvHj58+P79+w8fhkcCWlpaYhLO/sGnv2ydKze/iYySx2why5Uq/vPF7LYZxSySdtKxSKT843igs+g47QVuJ1EH6eLTox29rdlPU5AMLggTCyD9fgTuAy8pgKmBe7BrInpLzrdEq7cdMptIhXR0dFRWVmppaYWFDU/mlZaW5uffnilgqLTFf66o9aYd4Qsk7bfoRy2Scdq9N+vN23EbMT6G0QQRBPsX/T4XupTXtOPz1AaHBlBOk9KASLEAoq7ZMigZAKhNHOeMowGMPnh4TX7SbYcte4ozwSm4fvvpduPwo2lpp09neHt779+/f/fu3VVVlTP5jUBP8Eo6quvsPpZRMDhqmBnMhc4LES0RG1rjNbvzDxJ+JC6A+3x5kImJjsfFBMFiAZwqiWXQzqAA+pMQa4MqhcUvlq33BvtRStF5nphp3bk9R/ytEhIS7Ozt12/YYGxkqL5qe5HtMvAn4dWWZABdAzg7w7NZDNsKtEnOeYXDuqQAnTjKeXO6EC8WAFig+M6rGgMoUhxhPWmzQjlQWsmHX9aJR9R+sYyj7FqPeWKWr18Pb900MzPT19cXERUVFxd3c3Pr7kYme+fMmQN/v0F9QDk+wK5kxFcvf1eMft6cLmTdKigMfMeOjOdi4TsChWO1WpjUGh/hlZ68ki4Cch6Sa7w260UMDAzPda1atUpJSSk0NDQ3NxfE4uTJk5R/oUCeWJRWt2kH3sM0HTqGi2VH0UTyRg+JLQCMjPA8CyTDMEQJh4Ri0NJ1QSIrPXzDMkYfi333bmFtbS3YFrGxe48dO1ZWVubr54e891EmwCxFMsRRUtHCoEAAhNhzYyBXMQL+F3UILHTB00ZltztV9fitvLMXSmisHmpvby8qKko5eBDsjJFjvaATIVwmwMtw2f+UQYHoH+jFF7yKLqSLBVD8+hqDJ8GPAWoT6nTfWSLVJnN429gDpjT64Nw0uPUyq6AKQ3Q2TDBDLABwnMiQ6/vlzaoed0cf/cia1DV0W0c/Cj/2AtNyXBpAZeI42AU9TBILCseLoxhZ1kUDihkPmpk8nxYHhWVNYDqAz4nkiQBUb/p9AqKP04apYkHB47xGVx9ZJ4pB/3L8ai3YH3tOVuA4CYtx8h9/MAp/AH0cpiAkaAATze2cOr7Ty7EyCWIB1DSVR1y1QjJkAv6Le2IpSEn06Up8RyvSpr2r/8zNN+AigcUAtg7uw3/pAu5GdSNDa1MwMTliQeFUSSy+mNG4Af0BTzEk7Tn0OAr2t6C/B3EB0QFtD0ID9uDo/QrQH0EWGj28BZ9Ju/LaN6VM078IhMwx/gl0DeAWIR8lk5zSVCb0GmOYTLGgAJLBZOH4UpjEmpl8saAAbYKo8fyvAKiKyW0qrCIWFC6WHQ3PsyB8zO5LAXxOMLmgEpD85MFaYkGhuavBO1uTwIkf1gfcTrhlfOEMyYAVxWIE6Fmg9XzFygNuLeaGAyP7KkiCpcWCAtTd4aJgqD7WaUwMAjey96Yz3BTLSvwXIBajAUMs8JJ+bUsFkv+igGKH5prCLTBnSIoRvjCxGAE64+DLRgm3PCs/YI4fzUyqG8sOFPiAKJM06k8SX6pYjKbsbRF0MdAQb73MIm9YHSVQACgGFAasIga3z0wiX4NYjOFR3a2DdwPtz6wHXQLuDKn9N3w5/AT8EPwc/CghSxVZga9QLMbzrq0GHt6pktioa7a2p5Wg9zl6Lwzsf7gIrxfvH0Kv39j52dZQyL5prYK3QPnDZyijbfCP1qcUQA3AV8FFYtfJsRR/C7FggxW2WLChAlss2FCBLRZsqMAWCzZUYIsFGzZs0MLWF2zYsEELW1+wYcMGLWx9wYYNG7Sw9QUbNmzQwtYXbNiwQQtbX7BhwwYtbH3Bhg0btLD1xd+CwaGBxs63lR+elNTeuFGRmVOaSnllPko4ei+M8kq+4x9zw4HyCs+z8M3RHv8KzTUd+cyBAp+R/814GD/ynfD98CvwW/CLrL+fjg0m2Prii6Sjt/XF+4fQMk+VxELT9c7WtD6l4HFeA9p5wi3P9PsR0G4LqnKe1N+pbalg8OQXBoFfhzKUvS2ibMCBskEJoZwjZYbyw13AvcAdwX0h/8aGJWHrC1YEGtiILnA7p+6UqQwNDLrxvOcnQAWM2RT3lQH6BZTLtRenjxdHwV3DvUMNjOgUqBnkc2wmA7a+mDT6B3qhR4UuNz7fDVoFmPrQQopfX/tqYr6QBCgUqCXwgKDG7M+sB1UCdVj+rphlI8t8TbD1BTMAiwA6zKhrtqAXQDvkPksHTUFqjPe/IVCf1Y1lULfg77icVYXahnRDO2FnaLIB2PqCeCo/PMl+muJ/UQdekGDxAE9fPeDCwFMIvKQPjwOsEvbjYAS2vmAU6NPS70eAjw0dWt7zE+wOjfUBj49i7oEZcrgoGGw95A029GDrC8yAgjh6LwxE7eDdQLaofR2wnylK2PqCPmxh+rvBfuITwdYXVOgf6AV71eO8xoECn69VXNq7+qvqO++XN18sfHf4Uk306cqQtOeUl29KmV3sY8rLOvqRpn8R1ZdF5MORj3kllY38O3wVfCF8LXw5/ERLRx/yk18soD5AEkAeQCr+5qPUbH2B0NXXfrHsKEVHfKGT/AODQ9A+84obErOqoQFDk1ZyvG0U/iDoSPm+s1XHr9bm3ntfUtFS19BN1Em+KIGfe9vYAz8NZYNiQGGgSKYRJetdCqCQ7omlcAXeqqjtYHLBcNDQXgemh9s59ZzS1EkPQs98/tb6Ap43PHV49iABX8o4JTQ8aPZ7Tlbo7Lq/2asQbIGDF15df/gBNAWDx/2zCHAjcDtwU3BrcINwm2CzgLUy+sRSFgFkJv1+BLgtGQ/jJ3cRLdP4O+qLR3W3fHO0wTVlZR3R2NabfedtQOozaDPagfdYts0wk9G6UtntDthQZ26+ed/CEg4C6AvQHWCfflnnDmHl76IvwO3MfpoCjzPv+QkW3AQFpjj4/OA7bPUpDD/2Ajz/r8NYYAJQUeDp7D3zEqpOP6Q4OecVVCby3mQA0nXrZRYYrWB0fH0Oy1euL8CCiM93C75sxFKrdFo6+sCNh04SFAQY3pMr318ldQ3dFP2r6V+UduU1GGvIG8ylurEs4qpV1DXbr+ZQq69TX9Q0lftf1Dl6L4xFvMoRBQEdIJjQ7V39yBtsmEJXz8C5W/WTqD7A0DheHOWdrfmlry79qvQFaIe9N51BnbPClq38xx9GBPQrmFP8mgB9PWLfwWNCrjIFEFEweEFEv9BNxl+DvgCPEXxFVlDeFB3BfClkwwiT8tTABPbN0Qaj48vaVvtl64uCqhy3c+o3KjKR/GTA1hFfEyUVLXaxj5n5NO9WXwIZvvbiNJJnbb5IfQEqOeaGQ8Itz8nSzeAPJ2ZVq3rcBa+YPZHxtZJ77/1Wn8K9Z14yYbypf6A3+Y4/+CkMjrjdvHnzm2++UVBQgL+QRq4SxxemL2pbKjzOa1wsO4rkmUtdQ7fL/qemESWl1W3Ipb8BwcHBIHwUKisrkat/J8pr2i0iH1pHP6qq70QukQYYGrg967S0NMozYuuLYdfD5axq+btiJM9EQFw0/YuCjpRP1rQcUQx1t/XXPOq+k96ZtastxbglYkOTnzS8INGWZNB+0q3zUlT37SO9Ty73vSwaeQ28ezHYXDdn1kwQwRcPbkN65DXU2znU1z3ySfjH4S+/FNVx2gu+EPl+H/Hm8LXwc/Cj8C58bKizGSnQlwYYGntOVoDR8fgluXFGQV+A1sDkpFDUOkWh/331xeDQwOGi4MBL+syfGW3p6ANrAnoVFllBiIah/l5okN03ktoOmTUFyLbu1+44GwAqoO/5rcF2hhzyOXPmjIgj44DKGC7nR80FhYSiQoG78uKHtUkv6X0441Bkwy72MamyATIfcdUK/BSsfvffVF+ApgCPjsmDFAODQ8k5r8CgILsPYRBoV70l59uP2kIfDk0OenVQCuQ1NpT6orOr52r+46TDV5Yquc0WNJstZCG33ru9oxt5GwUUlQe6AywUuDW4wZ7iTJY1SSi2594zL8kbxoIuM+GWJ2gNVliXzKL6IvdZOvNtitLqNjA1T11nxU0loAh6Ck+0JupAVwyOA1j+LNIPlz2vDY3OWLHRQ3qNs9wGrz/4jGcJmi6SslXdETpL0IJHxGqeuL2D1xHk03gBJdJbmgduTlPQcqgEMEzAt0LeYw2y77zd7FVYUtGC5IkGek1oERkP45H8JMFy+qKk9obHeY13bTVInimcufkGNAX0FUieBUAURLwmOP/gXzDoTdClr6/vzUeampp6e3sbGxuRNz6n9s2HlKNXHL1T+JdacwuYzOQ3XqvhP1/cEkwJbgGzjVohi6XteYStZgtZKqgFym3w5RGx4ZVwWCTtcv7SA+QrCAIsju78gy2RKi3R6qyjPmredYEgpV15jeSJBtoFtI671ZeQPIMM/dnQ2HY2p2inWfTu2LPIRZqwkL6oaSp3OavKzPg0YEP6ppRZRz9ikYHMgcYaShcK1jjZCmI07e3tzc3Nr169An3R0NBw//59PT29zExkVUtdXV3OhQvV1S9PZV6dJaA3k19/rojJalXvWQKmswXNhVc4rVb1ny1kNVfUWniFq/L28LmitgskHeClaRTDt8xtyVI3oeXuVq6H+vtJNKdBfUClQdVBBUI1Ilcnia6eARAq98RSSCCXCKXywxPQGjjmUD40thUUPbN1TxJYZj1L0ExexUde2Rt8xjnCFnNFbbIv09fpLKEvwDELz7Ng5pIVUBA6u+6HH3sx6asnBhqqRnTEZHWSg4MD7e2td+8Wpqam7tixw8LC0tHRMS0t/fjxE/Buf38/KBRIFBUVSa22mMlvBB6Horof31L7eWLW88RsN+0I51vqtFDKaZGMq4ZB9FqNYFf/YxeuPGxqnhx7DZyX7ttHmoPl24/aDtQ/Q65OBnvPvAQxI7Y3GhgYaG1tBbX+6s3LpFu0hkI7OruzL9+3cNovpeCkuiMEFAQ8uDnC5hs0g0BBzBG2BIdRXWc331JHHhF4jnYiK91r66jblSNMvr4oe1vkna3JtIPwQEG47H8KZsXkaorekvMg0B1nfCdrJG9oaKjiZf2h9KvbDMNnCRoukjK7dv32+/fvnz0rP5SampycbG/vYGho6O3jszcuzsLS0tvb+/79ou0Gnn/wG80Vs5JQ8Fi20VdQznm7SUz66VsVL9/29bHiUamggjuzdkFV99w7/efg5JRwz8kKMDcYtzV6enrevXt37969hw8fQgIe1okTJzxP7QAXnvKBlpaWwYG+mISz3AIGf/Dp88lYLlvnCj4jN7+JjJK7jJLHbEFLcBVl13mvVPEHHTFfzI5f1mWbUcx8cfAZnZbIeupYJFK+aiImWV/E57tlP01BMuQD+p6QJ4ePod7OT7LLdBqb2k9nFdp7HRJe4TxX1E5GyXO+uA2PiKWUogv0OfNEzdw8gxMT9oeHh9vY2BgbG8fHx/t9REdHV01Nzc7Ozt3dzdo+YLGg/ExuHkDuI+vWrYMPw8dAxVy9evXFixfd3RhmQ5jJsI4OVRzW0Uy346Bzsot9DPYskscFmBUdHR2NjY2VlZXwdLS0tEChh4WFZxelR12zra2tLS0thY/l59/mX2o0U8BwlqCJ0hZ/XglrcBV5xYfNQF4JuwWS9gskHbfoR/Evc18k47Rc2X/33qzc64/fvEXVb02avqhpKnc7p860jaQXC99pB96brHGK7vyDoCZ6S/OQPBN5XPp6sYzbAklXSUXPeeKO/LLOYHbOFbWXUvRcLOM0X9xOdp0nr4TNPDErV8/db97UUv4Lmr2qqupGZRUVlU2gLKSkpJYvX75mzZq4uDgPD4/z589XVdEK6FBfX3/u3LnQ0FCQaQEBgSlTpigqKgYFBRUUFIB3g3xo8uh7fgsUBziATLY4Wjr6wD3BMQHX1dV7/fZTa9fE7cbhFZVVR9PSEhIST5/OuHLlCth9urq6+/bFxx4JDgrxLysrq6qqVNnmBG4jj4g52BTLNvjwSjryStqD6+HofeRYRkF1TcMgXuN6cvTF4aLgUyWxSIZk2rv6Nf2LCssmIRAGIpfXEpgsl9AmMzIylJWVOTg4dPUMpdf4LZbxlF7ju0DKVUTeS2yV9wJJF5m1vgLLvRYvdRNf7bpWIzgkKrOltQNsIMo3FBUVbd26VUxMdNWqVZGRkaAmMs+evXTpUkxMTGBgEEhqWlr69evXKR/GRHt7e05Ojrm5ORcXF9gmYFFPoj1CGeZgsh6nTNvTCHHQ0dlTWPzCPSB92XrvpWs95orazBUFM9B5tpDpPDFTb7/dTU2NUI3Hj58I2rUrISFh165ddvb2ZmZm6zdsWL16tbGRobld8FaDiJS0a88r3gwMEBlCeRL0BdhOTItxmH3nrVH4A2YPVQwOdJwNaI3XZNocB/Tn0JlDT7548WJIvH79aT6v9k2TuEKgwHI/6bWBfMt85Db6WzgfOp5593Xdh6EhKtUyMDBw+/bt/Px8cI8fPnoUHR0dsWfP3r3DZsXFixerq6ufPn2am5vr4+Pz7Fk58j+M0dDQEBERAYXn5eUFG2R04ZkDuCetiTrtJ92YptZBIMEvHm1olJbXrVAOXCTtLK3kM1fMgV/WSXiFG4+ovaSCx2IZx3lgBq71mC9uPU/M0sUj7PXrV5T/+tDYCGpi8+Yt+vr6YMqJiIrKysqKi4uHhoa4ubmB0u/uJjjgK1P1xeDQgP9FHebMmMIjAU1x7lY9kmcKoCBATXRm7WKC5F29elVOTg6aGXTRNIz867ee3blX2dWN0xHr7e0FNXHj5k1QIikpKfv379+3bx9oE1AryCeIhmIcwX3B3cE9IleZQldubEukymAzkxbsXX/4AdwTymgaeByr1cIWyXhIrfEB51F4pafoKi9eSZelYAbKeSyScZVc48Un67RZL+JJacXAAPK4s7KywABcJienpKQEhgZ0FfB0QJvDYwJ9kZl59uTJk4WFhZQPEwLz9EVXX7vbOXXmhOR+/LIVTD5mhr0DTQGuR++Ty0ieHMCOgG6Em5s7OTmZFQYCyAbuEe6Uh4cHfCum2R3wEOFRDjQwI+ImKAvtwHsFTxvf1DdLKAYJLPddui6IT85PZKXHxu0RvmEZ1249bWyiMi0N+vru3cIHJSW1tbU3b94EBREfHx8bu9fXz+/YsWPl5eVlZWWgbSFbXEzkFk0m6QtQEx7nNZgzaXqx8J1pRAmSIZ+h3s7W/drdN5KQPAmAYSkiIiIhIfHgAcGrJL8goAGAxQEOV0FBAXKJTLpvHxm2NZjiUTrGPwmMzz97oeTt+xZqPiJ92tvbs7OzQU7u3LmTcvBgamoqmBupJxNrGwnWeszQF42db72zNZlzkFzalddeSWVIhnza0x2G/V5yACHYuXMntJDHjx8jl9h8nLsBb0VNTY2yioxUOrND25IMmOBdhqQ9T8yqRjIEQXH/a5qIGWaiQLq+gEKDZcEcNyT6dOWek0w6yrC/9mlzsPxgKylRW8HCnDFjBpjiSJ4NNdLS0ri4uMge4xjqbmsOX9tXcQfJkwboi6AjRLZtoK27yeWsKoFdNen6Ij7fjTmzIaApCNfQEwFmReeFCCRDKKAjQFOwDQr0gJ/Czc0dEUHK4xih61pCW4oxkiGN41drA1IJXsD+pP5OxFUrJMMw5OqLnNLU48VRSIZMcu+9d9n/FMmQyfC4JpgVJAyh5+TkgKZg/mzi10F9fT0PD8+JE8MbXkgCbEmSHv1oQF+cufkGyRDEuSdJRC13IlFfgGILzTVFMmRS19C92auQCYssBhqqmoKWE76auKqqCjQF6AskzwYv4MeBhwIWB5InmqH+3uZQRXBFkTw5aPoXER5aIeaGQ/Hra0iGAcjSF+Ay2Z9Zz4SAN6AmtvoU1rwjPQZX38uilogNhA99ubu7r1u3DslMHgODg49f1l4suGSx67Sq5Z7NVqFqFgGbLP3Wm3qoWLirmrsrmjgrmruq2PkoO/hreUbo+sV5xR07cbng3rOqnj7WOo1JTU3N2toayRDO4EBLrAapS0Ib23pVPe729hO5LrOnvwvaI+PnuZKlL8AEgheSIZPo05WE22/jGR7dDF+LZAiiu7sbHG9STWjaDA721dZfSsrICks6HH4gbM++yMSUwOg4P0/fYAc3Z2tnJ1sPCyMnUxsva+dAa0d/E2MXXStvc1VLB1Ub+8B9lnZhBzRdThj4pNqHpe4+6O8bv+fY5ZJ+Qlcf4+by5ctgaDQ3k7X3tyVandQR0LziBsLHPnOfpaffZ3SUhxR9AWaFU6YyEyZQu3oG1rsUkO2JgBUKbgixU/EgyhwcHORZzrR59bbifN6Bm3f0Dx2LiY0/GRoWHxl7KC4x3Sc4bnfsvpSU3adP7jp6aNfRFO+TR0J37w709PZzcfcydfRar2Nu4qLlvXv7Dls9lzC38EQvPrU0vs1pO52jBBSMf5Dwn7Iydr764VPXJv/YAfDypkyZUl9PygJf8EmbAmRJ3ecKLjbh2yPdzqkzGLmOFH2R/TQl81ECkiGTgxdeMWFOpC3JoO8ZEmKAEBoaGmbMmEGSKNPmRW3ZhRvZh07Hhyd47U+xdXUPdnL0tLPzMLewNzY1NbGyVNfRM7ZxMrCwNzK1M7PzcfTavWevY1yqu0uob8g+bSs/oxkrQ39fFflv6UiHUFO3ML3lqlq/8W+byq87XciYU0ifU8hoioj9v0Xc/p/kbo/9RK5ExgEoZbAySKrn/ppH4JggGRI4frV275mXSIYgLpYdZTACKCn6wjtbkzkLLsC4IPso495HF9qPOyMZghAQECAj1jttPjS/0/U/Fn3QT8fBSdfZzcDJNzjGLSNLNebAzj2JSkFR8qo6RpsNzDYZmm000F+tuU3Dwk7bzHS7ubN3mNEOl8S15hk6rhHee5xP5WxPPaXhskvT3mvnHwLKnIvVufg2c/GpcfFv5RQy/FXEdpqwyTRhs59Enb4T8/5OZs/1B6R7izR4/PgxOH1Ihmg6zgb0FJLlTvb2Dyo53iZ2FKOjtxUMfySDC+L1xYv3D6Ou2SIZMrlY+I7wyerxQB9CbEw3Y2NjLy8vJMMsLt65P1/9hIr9QWNPV01bKysvUxtfJ7OgPXsP6ehbuxg7GLjuUjN01tKz1Vq1XVNeU0tRx2Dldl1FXT0bb2sjrz3L9c/I7DiydOseHimDX5boTuPT/VXMZrqU89Q5ClyLVDgXKXMt3sTJt41DzHGamCXXErXf+LU4RK1/kA6ctnLvd0v3+CQVIeWYDCIiIrS0tJAMoQw21zWHKiIZEghJe559h+AFgfH5bk/q8Y+8EK8v8p6fYE7Uc3BG4IVkyKG3NI/YVTpgIf/www9M3iqWW/Tsj01HF2096hTsZOljNnt9xP/kE35XTOTdlBgQ47F73zYHT2NXf63IA2pGHlG79xvvdAlYoZsisy3hj9VBYpttZgqqTJuvNJVnNcf8ddP4t05fos65cOP0hSr/XebHKWbKuUiVa9Em0BpcC5W5hhWH6m/D5oYGl4AWp5DBFGHnbyWCvpeLDU9jXhjn8XBwcNAO8IOb9nSHnmKyjvs+db0u+jTBI0E5pamMRLQjXl8k3/EnZKaXLqB9wcRAMuQwfDjYnXQkQwRgWTg7E+zd0Ka5rX3BtnSuNUliO1Ljjtgt03H/aWn0z8siRbeG8amHrjNNSDujvivKwNhWIyB0hUPAzgXr4rmWukwXN5siYKhmrG/trvY/CX1Ovh2cC9ZPm6c4fZ7isF5YrMa5aOM0QZ1pohbThA2GVcYSNbjIxbeFi3/b8Itv67CTIqDNKWTyq7Ddd9JhM9alvHg9aec/BQUFkTTDCsqCvA1ElMPikQxBlL8r3nsTvwQSry9ibjgwJ8KFdfQjso8gGx7pJHTajPkxHYIOFfGoHpmz/gDX6th/SAX/Uyroe5ngKUtDhNUD5XYedArxcw4PXm92yi86aJt9Aq9SFIe0K4eM2+yVoQqG4XaBrvdLFIIj5H7hXjWdd+2vs+WmzVvDuUiFY77i9PlKnII6nKLGv0sYTJ2rOH3JZs7FqsMqY4n6sLIQ2A7KYrqY7Y/Sft9JeX4v5TtNPt426hZSJqZD2eCLZAgFfFXyRj3fNvZo+hPsyjV2vvXN0UYy2CFeX0BpoExIhky2+hSSfbJpc/haYtf/cnNzk2QYT8TOXfl/rE+Zsjzm/yQCvxX3+VbM5ydpn59FXP4n62DpZxy+39TBX3Or3QElkwwl0zPLdp6W0d6708nTKdiWZ4XbJn2tuBRlV//VMxbITJ27BkwMcDQ4l2yevkiNU0D7l/kqU+eC0aHEtWAD10J4KXMu3ADahItfg1Ngx3QhvWH7QlB3qrDZzyL2/xT3EdpJpKWGCXAA//GPfyAZomn0EERSJCBvm4+kiMP6lAKSwg7x+sI7W5OkKL6VlZVz5syhpCknyoZFk7sk7CvQF5bR+XNVD/97Wdi34l4/iTpPEbX/Rcx2mrDFNEETbilTQxcTM28Ny8A9m23Tdifo2vmpGzms2261eZvFlt9FtnMt2TZLUl9og8tvghqcfFun82tOX7SRk1+TU8iAQ8xsmpTDx7/W0yWsOUSMpwkbThc2+e0vNTFF3PpnCYdpwpZcgjs5hM2/lwiUNJiEqOgjgLQgKaIhT1+AfQGdIpIhDtbSF8yxL+DxAykZ5M7wD/sjL4k0CJnvjxy+WDJb5cg/pUK/E/f6WdQR9MU0YQMucCUEtTn5t3IJGW4xNQ+Kt1UxO7HZ9qiBh799wE5NO38rL5PYlC12PtuWbTXVttU3cXU1cNIRXbdzhpTxFEGz70Vdf5Tx+0XEkkPIkItv+2+L1X4Sd5i6POy3VZE/yPr/R8L132Ku/xFz/V7cbaqw+TRhk3+Je/xDJsI++jZSJqYD/oiAgACSIZRhfyRaHckQDRnjFwBr6Yuoa7ZMGL8IDg4GfbFEeBmSJ4eOM77ETrC7fwTJMIWW9k5Jo4yfV8SBP/KDmPv0FcFcQqAsoM834RwemNSYvkR9Cq/6TBnddTt1PIK2OgdamHs7KGiZLt1qM3eF4TRBrRmCGn+IqIiq2jiF6LoG65t7O9kFauxw3CGr7Se2bff8DcErd1j8d7k774akhRuTOJaH/Evc6TsJz28l/b+X8v5V0uFnEad/igf8e/m+56/JOouYLqGhoebm5kiGUIbHO4lenjPCqet1hMdzYbnxi+Q7/iMHLhFLWlqaiYkJJU3RFxLyWylZkhieTz1khmSIoKGh4YcffkAyzOJyYTXvlrSp8vv+IRnww9JATmGz6WAXgNewSGV4SGKxyvBQ5ZLNnPzbOZeoTVugPGWh5owVftJbEzRs9q83TFM0OaXlcmSt5ZnlBhfU7dNCDri47FbVd9PSdthh6628aovGIhm11VvU9NxtZq+N5FSI/HFZ8DS50KlSzhzg9QhZ/STi+B/ZyJhTmA/7JBAuLq4XLxg6K2giQFmQN58akvac8IDV5e+KY244IBnsEK8vcp+lM2cx+MDg0HqXArKD+rZEqhC7Xmvnzp1BQUFIhllk5Vcu3Jr+3zUHpqzYO3Vp4M/CdpxCBsOrJPi3cYoYTxfS5xC1mr8ujn/zEUGNQ8t0Mra7HQk+YOUZbBQWbe0apKtnZWBuu3N3gqGCyenNtgkeYZsFVV04JP04JaznLDfi2+D6u3wYh6zX7zLG04RMOGW9f5H255AN5lwZ9d81CX+sSww+MplhR+Pi4jQ0SJnCGF6vFSyPZIimt38QxJvws/hYbv0F09Z3Ask5r+CFZMiht+Q84RPsvLy8zAlaO5qXdc2ieqfnqqZybzw4Q+nAH2sTuOSjfhRznypkPl1oJ4eUu65z1KG92+3NNdwsNU7EmGXvMz8VaXI61uhsouGpfYYxYUYRYda7I20jYj31zPR0HPSFtyWIa6bNVor7bcWeX2V3/STh8S9BV9FN1uLbdnOu2LfOLGStecJC9aPXSyZzPTiYFTNmzCBpgVxn1q7u20eQDNGAM0L4/hEgPt/tUR3+iW3i9QXAtHMDwLgAHYxkUDM09Oeb+qZjGfka+uGJqblUj+0ZTet+7b7nRK4dAK8ELGT4i+SZyLG85yK6GTyqqdMUEv8lE/a9pPd0ISMuQX0OEetfxF0dAlxdHHSsd6iE2m6OdFaLclKOsV+/13H9saCtd/dvuXPC5dih4F2B9q5eztsNzdxCzOV2BP1XYc/8jUkC6kcWbIxTsdw9ddmuH2XDZ21Imb/pSMBBIiPZ46C9vR2UBUkTUv21T8kb6QTIWC7Q1dfOcvtHAKbtTwX2nKyg7eOBOnhV23D5WomWccRCSYtZguYq24MlVrvMFrKYI2zBI2Jz/VYpbZUx1Ns5vHmZ0IPUKfvZSXKq6XKjpFbaOHOJRtrsjYemrIz/Tmb3d5Le/xGx+5+0qfSG7dIbdZZv0VuqYS+z3VfdNt4z2D0yWD3CR32fh1aq745d9ppWNua61ibbbfR/kXKfsy5BROvY3A0p/1tzYNbGgzM3pCzYfPTwxefIL00e9fX1JO5nJ0EkRpNX3EDG3qi85ycYDMxHir5o7moANTY4RJjrBe25s7Pzw0c6OjqQqx8ZGBza7FX4tvHTuW+vXjckpl5W3RG8SsVzxUYvbgEzbgETPhnbNZv9uQXM5whb8ohYbTOMnC9uO1fUZr64vaSC97v3dNaJDm9ejlRBMgRB2W197tw5JM90BgYH0y6XSxlnLgLFoZI6Y20yp/y+H5ZFfSsd8q2E7/fiLr8KW/4sYveToN2P/A5LNrlaBbp67bFWtzSdu8HlG7GQb8T9v5Xew6dxYo3lWcuQQ7HHY+NOP2WReDk3b94EdUxexIDWeE1iTc7RtHT0qXrcJXzkAvA4r8GK8S+AjIfxjAyrjDAwMPC+oaGiouLWrVvw+MGGv379+p07n9Zo9/b2llXWa3rdlFljP5Pf4Pcleis2ui2WtpolaMotYLpua9AiKTseYavZgpbrtwWLyruBjpgnZiex2lNdN3KemP0iaacly7yM7FPonhPT9+zGsMogOh6fvb29mpoakpk8BoeGSl68Dj58W848Y4760f+uO8ihmPzb2oPcGw/OVj7025oDv6zaz73xEJdi0rRVCdPXJM1WPbLePuvIpVu3HlV397LWSWv6H0EyJAD+aW/JeSRDAjq77pdWEx+JJ/dZ+tF7YUgGL2TpC6LiBXZ1dbW0tDQ1NYGyyMrKMjY23rFjh7u7x40bN8Ho6OnpefToUXNzy5V7b0xsAv+3aOcsQeMlS21Wq/mBu8EjYg0KQkkjGHQEr6Q9n6zLFv2ohdIukFBQD9qXcvnqzdK37zEsChiof9YcLA+2KJInCPBKwNBgfkSMr4+ioiKoSfJOgRvq722J2EDsEr4xhKQ9P361FskQByWeLuMHDJKlL4CS2hvheRZIBjv9/QMPn1YHRpxQ2uJz687Dq1fz9u6NS0tLu3bt2oEDSTo6Oq6ubhcvXkpKTj527FhTU2Pa8dM8wno8ouZzRS3WbdvFJ+u8EGyHpY6Gtvs8Ak9czHv4bviwOUYj9w22vgXHlYxjik6cOMHNzU2eCf11A84dLy9vQgKJo2ZDnc1NQcsHGhmy52lz6nqdbwopIRrj893uVl9CMgxAor4Azj1JQhkLo7unr+RxVVBEhvwmf9l1nrwSdrOFLSRXO80Xs/h9iaGJ9a7i+8NKHcyKqKio6Ojo2NhYO3t7dw+PjRs3btq0SV5ePigoRF7ZVcVgX/bl+w0f2hjWDLRoO2TWlUdKjI+IiAgeHp7Jiuv5JfL69WvQFGSHIOq+faQ1UYfUgxEPXnhFkrIg8BggcvUFQOPgg2cv3sirBC2QdJJR8p0n7rhY2lFslTuPqD04EYJyLjyitlKKbktk7LkFzfQsQq5fvzpiHezfv3/Hjp1qaupWVlbLlsmJi4tLSUmpqanFxcV5ePmHHmJG2Mi+ijvN4WtJGiG/evUq2NUZGRlIng01cnJyoJbIDrAO7if4IKQeIACEH3tBxmoLoOxtESNm/hhI1xfgOLmdU6e6Y7Wnt3/Nlt0LpT2k1/gslHIVkPOQVPDmlXCRVPQWlfdaKO0qoeDJv8xp+UbfM+dvd3chowZgsWtqaq5evVpUVNTDwyMpKcnb2zs7OzsrK8vT0zMmJubixYvRe/c3NZF+9An0Nm1JBp3ZoUiWaMDGVlZWFhERYfKWVhYHDAoZGRmwKJmwgKUrN5ZsswJwTyxNu0LKuXYdva0uZ1V7+gk7nYd0fQG8a6vxztYcP7369n2rlNIufjnfpeuC+OT8BJe7K2mEufgdz859UFdPvbU/f/78yZMnjx8/fvXqVXJy8t69exMTD/gHBERGRV2/fv3ly5fwVkpKSlBwiEX4LTJmpMYDJkZLpAp56/yAmzdvgsmtqKg4Wes1WAFQE6A9ubm5mXMQXO+jC/BYiT1EYjy9/YNG4Q9y771H8kQTfNmoupFIH4cZ+gJoaK/zOK8xZrrk0tUnGdnFb97iH4a8d+/e5cuXi4uLz58/D4bGwYMHwVWhOP+gLPRDivOKmbSGcqChqjlUsffJZSRPDmBogNYA3fH3cVXgThcvXgzWBNPGdPqrHzQHy8MDRfKkUfC0UdO/iKQNUGDXQydd00TwoUdM0hcAmEagMkgNjTFe75y6XmcR+ZAJR6tSGGyug04JjFgkTybQkAQEBOTk5EBjIpe+FuCO4L7g7pisFrvzDzaHr2WCpgBc9j89fImsqZa27iaS2hrz9AUAOs83R5tYA4kuLR19oMXJjvT5GYMD7Sfd2pIMSD3/ajTgp7i7u4OtDo59QkJCM2nnAJJBe3s7uJagIGbMmOHs7Mz8uaGh3s62w5btR20JX1lDlYraDlWPu+SFkgT3f7wtTxRM1RcUwvMsSAqQQQMwNHR23Sf8gDnagHsCli2xEcbRQGmBYMNzcXHZ29sXFBQw+QQDGkBJoDyg3UA7ULQblBZ5j+n0FGfCAyIvgMUYwEcGa5c8swJ48f6h/0UdArdijGES9AVw8G4gc05jHkP4sRd2sY+Z5p4gDA6AhwKGLqkn9NIG2mROTg703hISElOmTIGGam5uHh0dDU2XDGMEfg6+OS4uDn4FDAf4Rfhd+HUowyRqhxH6ax7B4xie2CJ54mMEEDnflDJ4kSp7uc/S4/PJOtyAwuToC6DywxPvbE1wtJA8swAdbx39CBQHkmciQ53N4KeApPY+uoBcYg0aGhqKiooyMjJAg0Cr1tLSgkYO3g2Ff/3rXx+DpX4CriDvcXPDJ+Hz8F8REREnTpwANTEp+/TR0Pf8VkvEhvbjzmTPeoxh75mXphElpM7WgfcBnj4jB5ehZNL0BQBWU9Q1W1CKSJ6JgGMC7glJK2ToMzgATkpT0PLOCxFMG+P4ezLU3wvGHVR1940kplkTIxy88GqzV2FdQzeSJ4dbL7NCc03J80FGM5n6gsKjulugGkkanqENqHz3xFLwUEjV/bQZqH/WftR2eJjj9hEQbuQqG0YYHOgpzgRTgvDw7igBcfJKKgMzluxgkT39XcGXjQjZGIKSydcXQP9ALyhIUJNInukcvlSj6V9U846wZXD4+Ex3MGWsnnAam9rOZN+NSciWWO08W9B8tpCFjJJHS+tnIUvIAKoLKg2qDiqQ2HirmHjb2AN2a2JWNZInk+LX16CjJXDtJhpYQl9QqPzwxOO8BvxF8kynpKIFrEfyFtthAnxsMKGbw9e2xmv2FJ5gTfXR3tF9Nf+xmcM+AVkbMXnHlSo+f/AZzxY0WyBho64TPltoODTRPDF7M8dk5B+IAyoEqgUqpzlUsSsvnowdw5jIf/wBhAf+InkyedNa5XJWlQmjFeNhIX1BoejVFdAaDEYBYoTe/sHo05XagfcqaknvFdEz1NncnX+wJVYDmkdn1q7hqRZCvfGOjo6XL1++evXqw4cP3d3d8Bd5YxRNLe05uffMHOLUdgYtlraeyW8M2kFBzWeRlA2YEtwC5uu3BQsscxqOTiRstULZb7VaII+ILa+EwyJpt8MnGItGNTgAnkVndigoUHA0QJMyecxyIqrqO43CH4SkPWeOS9vW3eR/Uefai0k7KY7l9AWFzEcJgZf0mWxrjeF9Sy+4oO6JpS0dfcglVgJ61O476W0pxk1+0m2HLaEJ9dc8wqdE2tvbm5ub6+vr379/39DQkJmZqaGhEbt3L+Xdx4+fnDp1qqbmVc6lmzxCejP5DeYImyiq+80WMpsjbMEv66i0JWiOsPU8MRt+WaePUcvsFko58Eo4ahjECK/0FF3lsdN8H+iLAdSh+sChAOcCbgpurTVRB9KTbj6Mob2rPyD1GWgKsscyR4C2EHXNlsHom4zDovoCGBwaSL7jH5/vxpyBXxrcL2/e6lO498xLsoevGGeou623NK/zQkTrfu2mANm2Q2aQ7inO7K99SsOjGRoa6ujozMw84+nlZWBg4OPj83Fy9KSvn19TU1NXV1db2/AkzqNHD5evt5kpYDRbyHSVqq/wCmfQEfPEbDdohQqtcF8k7cK/zMXVLy0u+XLRg8qOzk8RVccz1N8LSqH30YXOS1FQSCgqeBZgPkDhSQoRQAhgRCRmVYPfUfC0EblEPpSGEHPDYdIbAsC6+oICqNUDBT6gWZm/UmM85TXtFpEPwegAKxS59EUx2FzX9+wGWCLvj7pc9tK1Ud++YqWJ+GrHP/iNFkqa798T2XXjQGPhWR9Pd39//4CAAAcHB1NTU1dX1w0bNkhJSe3eHWZi5c8taDpfwk5qjfsO02i/wNTrl/ObX1dC4wd/AV6gm7quJYDH1J7uADoL3IdGD8GmoOXgSbUfd4afBo1AaogqMgAjwmX/U9OIEjLCatIAhB/UxN6bzpNraI+G1fXFCHnPT0zuaOhowNDYc7JC07+IaftfGaGzq+fOvRcBuzOWrvMRX+0BVsAcEVvx1a4LJe3milrLKLnxiFrMEzVz9Qx+VY1stSopKQETw8XFJSho17Zt21auXOnm7m5ubu7g6DLRdvLKykpkOdc33ygo4D/Rl3XIf/wBHnHQkXImbyMA3rRWgbTnlKYieZbhi9EXFChzKDcqmLTgHw0XC99pB96zi31cUjFp5wnToLmlQ3Z9EK+ki8RqT14JZ0E5NxF5j3nijtJrvPiWuvBKOCxb771Qyn6+hK2b954PDe/gX/r6+g4fPiwmJqaxTXvNGiUjY2NVVVUlJaWwsLCUlIOenl5ZWVk5ORd6e6m3IsrRtiMn3X5ZVNR2eCWVwQOFx8rsfQMfKXp1xeWsavm7ST7qaSK+MH1BAXyTiKtWB+8GsoJHNwKIFwvqjqZm0BfBS2S9ZNb6LZT2EFvtI67gt1jWS2yVJ1wxc0w+lnHrxcu3/f2favLDhw8PSkqOHk3T19d3dnaOi4tLT0+/fPny0aNH9+zZc/fu3ZMnTx48eDA3Nxf5h1GMWBlI/ksAHhY8sknUEQBIcvr9iODLRqzgd9Pgi9QXI1x7cRqUMahkJM8yjOgOcHrP3aqfxPWjj8vqhFYGSK3x17c6kHj4eml5bS+940LKy8urqquHhvkzLy8v6/z5goKCQ6mpoCngLfi7b9++c+fODb/9ORRNwfoHI/T2D8LTsYh8OLk6gsKjultu59Qvlh1lqc5vIr5sfUGhp7/r6L0w/4s6tS0VyCUW431L78ELr7b6FIKM5t57D/KKvEE+eEOXfaKnpwf0xYkTJ05nZICfUv2KygHXaWlpFGUxGuQ9FgA0Ql5xAxgRm70KE7OqR5+GN1m8aa0KzTVNvuM/KTshcPM16IsRGjvfgp8Sn+/G+LkspALySpmWAwk+db2OvNApf1ugSsGsc4x/oupxd9/Zqklf6T8CaAfwo0FTTOKKREb4qvTFCOXvin1ztDMexn8pyvvxy9a9Z15q+heBhZyc84rJ83ZfOhW1HVBpRuEPKMtk7pc3T66LMR4wgc89SfI4rzEpi7gJ5OvUFyPUNJWDxRF1zZbwwKdkU9fQffhSjcv+p8pud6AlQDPIf/yB9ReMkQrcfsHTRjDNwK1b71IA1hlUEevYDuMBI2LvTefwPAsmx6Akj69cX4wAhsbx4ihQ8AVVzIhGTx7Ql565+SYg9Rm4Mzq77ocfewEeTWFZE/PXCJBES0cf3A7cFNwa3CA4FF5JZZBlqe08tCl6dcU7WzP9fgSL+8U4+Lvoi9GAygDFAerjK3uc0P2CIwPaJPp0JfS9YJhAY4PEnpMVBy+8ulj4DtohtLpJ0SygBarqO6EAUAwoDBQJTCdQeVBIMBagwFDskoqWL9eAgg4J/F+3c+q3XmZ9ETMd+Pg76osR2rqb4Bm7nFWFvyw+700s4N6/bex5/LI1r7gBum6w8EPSnsPLMf4J6Bd4QRvW9C+ivMDyl7fNH/OCiyMfgA9T/gv+nfI98IXwtfDloALgh5g5H8RMKPIDOuLovbCG9jrk6lfN31pfjAaefeajhL/Vs2eDg79tH0OBrS+oALZlTmkqRXd8cQOlbAjnTWsVSALIA0jF1zckgQm2vqAD+KJP6u8k3PKELuV4cRRbffwdAAVxqiQWFAQ8d3j6X/F4BFbY+gIbI+oDhAlECgQLeYPNl8y7thrwRj3Oa7AVBG3Y+oIhKOrjQIEPWB/x+W4FVTl/c3v1iwCeUdGrK5SnBn/ZCgI9bH1BMCB55e+K0+9HQGcVnmdxsewoe/R0coH6z3t+IuqaLZiE8FxAO/QPsBfg44StL5hBbUtF9tOU0FxT72zNg3cDb1RksuzWuC8acA9vvcw6XBTsm6Ptf1EH6pw93kQsbH0xaXT1tT+qu5XxMB7MEKdM5ZgbDueeJJW9LfpS9rxMFj39XVBLOaWpUGP2Z9aDFoY6hJr8G85uMh+2vmA5wFp+8f5h7rN0ykZGaBLg2sTnu0GrgM6zurHs61YooA7AKLhbfSnzUULCLU+4d4pSgNqAOoGaYXsTkwhbX3yRvGurgR51tE4BCwUscOhyj94LAzvl2ovTxa+vQetq7Hw7uYN58OtQhsoPT0pqb0CpoGxQQihn4CV9l7Oqo3UB3NEXusv77wNbX/wt6OhtrW2pADMe+m2w5OF1qiQW2i28wNuH1kt5QdMFz5/ysj6lMP7lna1JeTf4stHIf8E3UL4KvpPy5fAr8Fvwi2wf4SuDrS/YsGGDFra+YMOGDVrY+oINGzZoYesLNmzYoOPPP/9/2FufjPScVnAAAAAASUVORK5CYII=\" data-filename=\"at.png\" style=\"width: 50%;\"><span style=\"font-family: &quot;Times New Roman&quot;, serif; font-size: 14pt; text-align: justify; text-indent: -0.25in;\"><br></span><span style=\"font-family: &quot;Times New Roman&quot;, serif; font-size: 14pt; text-align: justify;\">Empat\nbuah satelit mengorbit pada bumi, urutan satelit yang memiliki gaya gravitasi\ndari terbesar sampai terkecil adalah. . . .</span></p>',3,2,'1','','1','3','2019-08-23 22:47:09',NULL);

/*Table structure for table `soal_alasan` */

DROP TABLE IF EXISTS `soal_alasan`;

CREATE TABLE `soal_alasan` (
  `ID` int(11) NOT NULL AUTO_INCREMENT,
  `IDSoal` int(11) NOT NULL,
  `Urutan` int(11) DEFAULT NULL,
  `Keterangan` text,
  PRIMARY KEY (`ID`)
) ENGINE=InnoDB AUTO_INCREMENT=9 DEFAULT CHARSET=latin1;

/*Data for the table `soal_alasan` */

insert  into `soal_alasan`(`ID`,`IDSoal`,`Urutan`,`Keterangan`) values 
(1,1,1,'<p><span style=\"font-family: &quot;Times New Roman&quot;, serif; font-size: 14pt; text-align: justify; text-indent: -22.5pt;\">Gaya gravitasi\npada benda C nol jika gaya gravitasi yang dialami benda A sama dengan gaya\ngravitasi yang dialami benda B</span></p>'),
(2,1,2,'<p><span style=\"font-family: &quot;Times New Roman&quot;, serif; font-size: 14pt; text-align: justify; text-indent: -22.5pt;\">Gaya gravitasi\npada benda C nol jika gaya gravitasi yang dialami benda A tidak sama dengan\ngaya gravitasi yang dialami benda B</span></p>'),
(3,1,3,'<p><span style=\"font-family: &quot;Times New Roman&quot;, serif; font-size: 14pt; text-align: justify; text-indent: -22.5pt;\">Gaya gravitasi\npada benda C nol jika gaya gravitasi yang dialami benda C akibat gaya tarik\nbenda A tidak sama dengan gaya gravitasi yang dialami benda C akibat gaya tarik\nbenda B</span></p>'),
(4,1,4,'<p><span style=\"font-family: &quot;Times New Roman&quot;, serif; font-size: 14pt; text-align: justify; text-indent: -22.5pt;\">Gaya gravitasi\npada benda C nol jika gaya gravitasi yang dialami benda C akibat gaya tarik\nbenda A sama dengan gaya gravitasi yang dialami benda C akibat gaya tarik benda\nB</span></p>'),
(5,2,1,'<p><span style=\"font-family: &quot;Times New Roman&quot;, serif; font-size: 14pt; text-align: justify; text-indent: -0.25in;\">Gaya gravitasi akan tetap meskipun jarak berubah</span></p>'),
(6,2,2,'<p><span style=\"font-family: &quot;Times New Roman&quot;, serif; font-size: 14pt; text-align: justify; text-indent: -0.25in;\">Gaya gravitasi berbanding terbalik dengan\nkuadrat jarak</span></p>'),
(7,2,3,'<p><span style=\"text-align: justify; text-indent: -0.25in; font-size: 14pt; line-height: 150%; font-family: &quot;Times New Roman&quot;, serif;\"><span style=\"font-variant-numeric: normal; font-variant-east-asian: normal; font-stretch: normal; font-size: 7pt; line-height: normal; font-family: &quot;Times New Roman&quot;;\">&nbsp;</span></span><span lang=\"EN-US\" style=\"text-align: justify; text-indent: -0.25in; font-size: 14pt; line-height: 150%; font-family: &quot;Times New Roman&quot;, serif;\">Gaya gravitasi berbanding terbalik dengan jarak</span></p>'),
(8,2,4,'<p><span style=\"font-family: &quot;Times New Roman&quot;, serif; font-size: 14pt;\">Gaya gravitasi\nberbanding lurus dengan kuadrat jarak</span></p>');

/*Table structure for table `soal_pilihan` */

DROP TABLE IF EXISTS `soal_pilihan`;

CREATE TABLE `soal_pilihan` (
  `ID` int(11) NOT NULL AUTO_INCREMENT,
  `IDSoal` int(11) NOT NULL,
  `Urutan` int(11) NOT NULL,
  `Keterangan` text,
  PRIMARY KEY (`ID`)
) ENGINE=InnoDB AUTO_INCREMENT=11 DEFAULT CHARSET=latin1;

/*Data for the table `soal_pilihan` */

insert  into `soal_pilihan`(`ID`,`IDSoal`,`Urutan`,`Keterangan`) values 
(1,1,1,'<p>1,3</p>'),
(2,1,2,'<p>0,8</p>'),
(3,1,3,'<p>1,1</p>'),
(4,1,4,'<p>0,9</p>'),
(5,1,5,'<p>0,75</p>'),
(6,2,1,'<p><span style=\"font-family: &quot;Times New Roman&quot;, serif; font-size: 18.6667px; text-align: justify; text-indent: -30px;\">4, 3, 2, 1</span></p>'),
(7,2,2,'<p><span style=\"font-family: &quot;Times New Roman&quot;, serif; font-size: 14pt; text-align: justify; text-indent: -22.5pt;\">4, 2,\n3, 1</span></p>'),
(8,2,3,'<p><span style=\"font-family: &quot;Times New Roman&quot;, serif; font-size: 14pt; text-align: justify; text-indent: -22.5pt;\">1, 2,\n3, 4</span></p>'),
(9,2,4,'<p><span style=\"font-family: &quot;Times New Roman&quot;, serif; font-size: 14pt; text-align: justify; text-indent: -22.5pt;\">1, 3,\n2, 4</span></p>'),
(10,2,5,'<p><span style=\"font-family: &quot;Times New Roman&quot;, serif; font-size: 14pt; text-align: justify; text-indent: -22.5pt;\">2, 1,\n3, 4</span></p>');

/*Table structure for table `testing` */

DROP TABLE IF EXISTS `testing`;

CREATE TABLE `testing` (
  `ID` int(11) NOT NULL AUTO_INCREMENT,
  `IDUser` int(11) NOT NULL,
  `IDGelombang` int(11) NOT NULL,
  `DateTime` datetime NOT NULL,
  `Token` varchar(255) DEFAULT NULL,
  `Score` int(11) DEFAULT NULL,
  `Type` enum('1','2') DEFAULT '1' COMMENT '1= soal, 2 = Remidial',
  `Status` enum('0','1') NOT NULL DEFAULT '0' COMMENT '0 = Belum Selesai, 1 = Sudah Selesai',
  PRIMARY KEY (`ID`)
) ENGINE=InnoDB DEFAULT CHARSET=latin1;

/*Data for the table `testing` */

/*Table structure for table `testing_details` */

DROP TABLE IF EXISTS `testing_details`;

CREATE TABLE `testing_details` (
  `ID` int(11) NOT NULL AUTO_INCREMENT,
  `IDTest` int(11) NOT NULL,
  `IDSoal` int(11) DEFAULT NULL,
  `Jawaban` int(11) DEFAULT NULL,
  `Jawaban_K` int(11) DEFAULT NULL,
  `Alasan` int(11) DEFAULT NULL,
  `Alasan_K` int(11) DEFAULT NULL,
  `IDKategori` int(11) DEFAULT NULL,
  `IDKombinasi` int(11) DEFAULT NULL,
  `Status` enum('0','1') NOT NULL DEFAULT '0' COMMENT '0 = Blm jawab, 1 = Sudah dijwab',
  `UpdatedAt` int(11) DEFAULT NULL,
  PRIMARY KEY (`ID`)
) ENGINE=InnoDB DEFAULT CHARSET=latin1;

/*Data for the table `testing_details` */

/*Table structure for table `timer` */

DROP TABLE IF EXISTS `timer`;

CREATE TABLE `timer` (
  `ID` int(11) NOT NULL AUTO_INCREMENT,
  `IDTest` int(11) NOT NULL,
  `Time` time DEFAULT NULL,
  `Status` enum('0','1') DEFAULT '0' COMMENT '0 = masih jalan, 1 = stop',
  PRIMARY KEY (`ID`)
) ENGINE=InnoDB DEFAULT CHARSET=latin1;

/*Data for the table `timer` */

/*Table structure for table `user` */

DROP TABLE IF EXISTS `user`;

CREATE TABLE `user` (
  `ID` int(11) NOT NULL AUTO_INCREMENT,
  `Nama` varchar(255) DEFAULT NULL,
  `Sebagai` enum('siswa','guru') DEFAULT 'siswa',
  `NIS` varchar(20) DEFAULT NULL COMMENT 'Hanya untuk siswa',
  `Kelas` int(11) DEFAULT NULL COMMENT 'Hanya untuk siswa',
  `Sekolah` int(11) DEFAULT NULL COMMENT 'Hanya untuk siswa',
  `Username` varchar(100) DEFAULT NULL,
  `Email` varchar(200) DEFAULT NULL,
  `Password` varchar(255) DEFAULT NULL,
  `CreatedAt` datetime DEFAULT NULL,
  PRIMARY KEY (`ID`)
) ENGINE=InnoDB AUTO_INCREMENT=12 DEFAULT CHARSET=latin1;

/*Data for the table `user` */

insert  into `user`(`ID`,`Nama`,`Sebagai`,`NIS`,`Kelas`,`Sekolah`,`Username`,`Email`,`Password`,`CreatedAt`) values 
(1,'Siswanto','siswa','123213',3,1,'sis123','sis@mail.com','839c46a5d1272dd54e20a4d06acac519','2019-03-07 00:00:00'),
(3,'rizki annisa','guru','',0,0,'rizkiannisa22','rizkiannisa22@gmail.com','52aacb62888103695cbb7055683e4029','2019-03-11 23:57:15'),
(7,'Rizki Annisa','siswa','0403517015',10,1,'Rizki123','Rizki123@gmail.com','9592638716b04b52fe6e041429822a79','2019-08-07 02:16:08'),
(8,'Rizki syahdani','siswa','34671823',11,1,'Rizkisyahdani','rizkisyahdani@gmail.com','6589fcf7d34996b9d1baac2cda0d250d','2019-08-20 12:04:02'),
(9,'Rizki baru','siswa','04025',10,2,'Rizkibaru','rizkibaru@gmail.com','2c3a3f6493755c33c36e41f74d3300d2','2019-08-21 09:05:02'),
(10,'Siswa 1','siswa','000001',10,1,'Siswa1','Siswa1@gmail.com','013f0f67779f3b1686c604db150d12ea','2019-08-21 18:49:03'),
(11,'Siswa 2','siswa','000002',10,1,'Siswa2','Siswa2@gmail.com','331633a246a4e1ceefc9539a71fcd124','2019-08-21 19:10:25');

/*!40101 SET SQL_MODE=@OLD_SQL_MODE */;
/*!40014 SET FOREIGN_KEY_CHECKS=@OLD_FOREIGN_KEY_CHECKS */;
/*!40014 SET UNIQUE_CHECKS=@OLD_UNIQUE_CHECKS */;
/*!40111 SET SQL_NOTES=@OLD_SQL_NOTES */;
